메인 키,분류명,공간명(한글),공간명(영어),개관년도,지역,우편번호,주소,상세주소,전화번호,홈페이지,경도,위도
1,전시시설,[의외의 조합]_청년예술공간지원사업 선정공간,combination,2016,중구   ,04603  ,서울시 중구 동호로17길 121 (신당동),(의외의 조합),,,127.0046378,37.5537994
2,전시시설,[17717]_청년예술공간지원사업 선정공간,17717,2014,성북구  ,02835  ,서울시 성북구 성북로8길 11 (성북동),지하 (17717),,http://17717.co.kr/,127.0044185,37.5911394
3,전시시설,[space55]_청년예술공간지원사업 선정공간,space55,2017,은평구  ,03452  ,서울시 은평구 증산로19길 9-3 (신사동),(space55),,http://www.space55.co.kr/,126.9132016,37.5944128
4,공연장,[게토얼라이브]_청년예술공간지원사업 선정공간,ghettoalive,2016,성동구  ,04778  ,"서울시 성동구 왕십리로 104 (성수동1가, 영화빌딩)",지하 1층 Ghetto_alive,02-461-1125,,127.0448939,37.5468324
5,전시시설,[대안예술공간이포]_청년예술공간지원사업 선정공간,deaan,2008,영등포구 ,07299  ,서울시 영등포구 도림로126길 9 (문래동3가),(대안예술공간이포),,,126.8972531,37.5140638
6,전시시설,[더레퍼런스]_청년예술공간지원사업 선정공간,the,2018,종로구  ,03042  ,서울시 종로구 자하문로24길 44 (효자동),(더레퍼런스),070-4150-3105,https://www.the-ref.kr,126.9718126,37.5823211
7,전시시설,[디비판화작업실]_청년예술공간지원사업 선정공간 ,divi,2017,마포구  ,04039  ,서울시 마포구 홍익로5길 59 (서교동),1층(디비판화작업실),,,126.9196851,37.5527409
8,전시시설,[레벨나인]_청년예술공간지원사업 선정공간,LEVEL,2017,마포구  ,04002  ,서울시 마포구 서교동 459-4,은혜빌딩 1층(레벨나인),070-7856-0007,https://www.elespace.io,126.9160392,37.5553657
9,전시시설,[레인보우큐브]_청년예술공간지원사업 선정공간,rainbow,2015,마포구  ,04085  ,서울시 마포구 토정로2길 6-19 (합정동),(레인보우큐브),070-7804-5365,"https://www.rainbowcube-space.co.kr, instagram.com/rainbowcube_gallery",126.9129227,37.5448591
10,공연장,[벨로주]_청년예술공간지원사업 선정공간,BELLOJU,2015,마포구  ,04038  ,"서울시 마포구 잔다리로 46 (서교동, 서교동 스튜디오)",지하1층 (벨로주),02-323-7798,https://veloso.co.kr,126.9188414,37.5524442
11,공연장,[보폴(VOFOL)]_청년예술공간지원사업 선정공간,vofol,2017,광진구  ,05007  ,서울시 광진구 동일로 170 (화양동),"2층 201호, 지하01호(보폴VOFOL)",070-4193-8477,https://www.vofol.com/,127.0670741,37.5472053
12,전시시설,[산수문화]_청년예술공간지원사업 선정공간,SANSO,2016,관악구  ,08763  ,"서울시 관악구 조원로 154 (신림동, 대성빌딩)",1층 (산수문화),,http://www.sansumunhwa.com,126.9193365,37.4856968
13,전시시설,[상업화랑]_청년예술공간지원사업 선정공간,snagup,2017,중구   ,04544  ,서울시 중구 을지로 143 (을지로3가),401호 (상업화랑),,,126.9939435,37.5666590
14,전시시설,[소쇼]_청년예술공간지원사업 선정공간,SO,2017,종로구  ,03056  ,서울시 종로구 북촌로6길 32-4 (계동),"1,2층 (소쇼)",,,126.9863830,37.5802238
15,전시시설,[스튜디오엔케이앤킵인터치]_청년예술공간지원사업 선정공간,studio,2017,종로구  ,03060  ,서울시 종로구 북촌로1길 13 (안국동),1층(스튜디오엔케이앤킵인터치),,http://www.keepintouchseoul.com,126.9849609,37.5773365
16,전시시설,[스페이스공공연희x카페보스토크]_청년예술공간지원사업 선정공간,musosoc,2013,서대문구 ,03698  ,서울시 서대문구 연희로25길 98 (연희동),1층 (스페이스공공연희x카페보스토크),,http://www.musosoklab.com/,126.9318126,37.5695541
17,전시시설,[아노브]_청년예술공간지원사업 선정공간,anove,2017,용산구  ,04409  ,서울시 용산구 대사관로34길 40 (한남동),3층 (아노브),070-8118-6606,,127.0056126,37.5314247
19,전시시설,[아터테인]_청년예술공간지원사업 선정공간,artertain,2014,서대문구 ,03695  ,서울시 서대문구 홍연길 63-4 (연희동),(아터테인),02-6160-8445,https://www.artertain.com,126.9301734,37.5764653
20,전시시설,[아트랩반]_청년예술공간지원사업 선정공간,art,2016,마포구  ,04059  ,서울시 마포구 와우산로 114 (창전동),4층 (아트랩반),,,126.9260967,37.5531063
21,전시시설,[아티스트런스페이스쇼앤텔]_청년예술공간지원사업 선정공간,artistrunspaceshowandtell,2017,영등포구 ,07206  ,서울시 영등포구 양평로18길 8 (양평동4가),지하 1층 (아티스트런스페이스쇼앤텔),,https://www.showandtell.kr,126.8971282,37.5372718
22,공연장,[연희예술극장]_청년예술공간지원사업 선정공간,ARTSPACE,2017,서대문구 ,03708  ,서울시 서대문구 연희맛로 2-3 (연희동),B1 (연희예술극장),,http://yeonheeart.com,126.9285787,37.5656587
23,전시시설,[인스턴트루프]_청년예술공간지원사업 선정공간,INSTANT,2014,종로구  ,03061  ,서울시 종로구 윤보선길 19-6 (안국동),(인스턴트루프),070-7536-5738,http://www.vitrine.kr,126.9837867,37.5770318
24,전시시설,[재미공작소]_청년예술공간지원사업 선정공간,FUN,2011,영등포구 ,07299  ,서울시 영등포구 도림로 428-1 (문래동3가),1층 (재미공작소),,,126.8954811,37.5142241
25,전시시설,[탈영역우정국]_청년예술공간지원사업 선정공간,TALYOUN,2015,마포구  ,04078  ,서울시 마포구 독막로20길 42-1 (창전동),(탈영우정국),02-336-8553,https://www.ujeongguk.com,126.9277850,37.5469352
26,전시시설,[포럭]_청년예술공간지원사업 선정공간,po,2016,강동구  ,05390  ,서울시 강동구 풍성로 161 (성내동),B1 (포럭),,,127.1299958,37.5307933
27,공연장,[플레이스비브]_청년예술공간지원사업 선정공간,PLAYSBIBE,2017,성동구  ,04795  ,서울시 성동구 아차산로7나길 14 (성수동2가),(플레이스비브),,,127.0569262,37.5479016
28,공연장,1m클래식 아트홀,1m Classic Art Hall,2007,종로구  ,       ,서울시 종로구 동숭동 1-45 자유빌딩 4층,,02-743-5001,http://http://www.1mclassic.com,127.0036117,37.5827718
29,도서관,4.19혁명 기념도서관,,    ,종로구  ,110-102,서울시 종로구 새문안로 17,,02-737-9556,http://library.419revolution.org,126.9676000,37.5673583
30,미술관,63스카이아트미술관,,    ,영등포구 ,150-763,서울시 영등포구 63로 50,63빌딩,02-789-5684,http://www.63.co.kr,126.9403139,37.5198158
31,공연장,A 아트홀 (구. 신연아트홀),A Art Hall,2005,종로구  ,       ,서울시 종로구 동숭동 1-37 신연아트홀,,02-3676-0282,,127.0024445,37.5832665
32,공연장,AN아트홀 대학로 (구 질러홀),ANarthall,2004,종로구  ,       ,서울시 종로구 동숭동 1-74 B1,,,,127.0035344,37.5825000
33,공연장,BREAK OUT 전용관,Break Out Theater,    ,종로구  ,       ,서울시 종로구 관철동 33-1 시네코아빌딩 9층,,02-722-3995,http://www.yegam.com/breakout/KOR/index.asp,126.9882396,37.5689463
34,공연장,CGV팝아트홀,,2009,영등포구 ,       ,서울시 영등포구 영등포 4가 441-10번지 경방 타임스퀘어 CGV 7층 CGV 팝아트홀,,02-2068-7886,http://www.cgv.co.kr/arthall/info/introduction.aspx,,
35,공연장,CTS아트홀,ctsarthall,2005,동작구  ,       ,서울시 동작구 노량진동 27-2 B2층,,02-6333-2503,http://www.ctsarthall.com,126.9370113,37.5129479
37,공연장,DCF대명문화공장,daemyungculturefactory,2014,종로구  ,110-809,서울시 종로구  대학로12길 21,DCF대명문화공장 수현재빌딩,02-2222-7808,http://www.dmcf.co.kr/,127.0031717,37.5827315
38,전시시설,Gallery 2,,    ,강남구  ,135-955,서울시 강남구 압구정로 461,네이쳐포엠 315호,02-3448-2112,http://www.mapoartcenter.or.kr,127.0472279,37.5252740
39,전시시설,huegallery,,    ,성북구  ,136-854,서울시 성북구 정릉로8가길 77,,02-3292-1100,http://www.oksoocwc.or.kr,126.9952920,37.6067852
40,공연장,IBK점프전용관,IBK Jump Theater,    ,종로구  ,       ,서울시 종로구 관철동 33-1 시네코아빌딩 9층,,02-722-3995,http://www.yegam.com/jump/kor/,126.9882396,37.5689463
41,공연장,IM스테이지,IM Stage,2003,종로구  ,       ,서울시 종로구 명륜4가 113-1 스타시티 빌딩,,02-747-9139,http://http://www.arthallstarcity.com,127.0004837,37.5820867
42,공연장,JCC아트센터,JCC ART CENTER,2014,종로구  ,03076  ,"서울시 종로구 창경궁로35길 29 (혜화동, JEIARTCENTER)",JCC아트센터,02-2138-7373,https://www.jeijcc.org,127.0019198,37.5872232
43,공연장,jk아트홀(구.샘아트홀),JK ArtHall,2010,종로구  ,       ,서울시 종로구 동숭동 1-48 5층,,02-762-3577,http://www.snowdreop2.com,127.0026408,37.5830129
45,공연장,KS 청담아트홀,Chungdam Art Hall,    ,강남구  ,       ,서울시 강남구 청담동 86번지 I&H 빌딩 3층,,02-3442-4842,,127.0396318,37.5238699
46,공연장,KT&G상상아트홀,KT&G Sangsang Art Hall,2006,강남구  ,       ,서울시 강남구 대치동 1002 코스모타워3층,,02-3404-4311~4,http://www.sangsangarthall.com/,127.0653867,37.5066159
47,공연장,KT&G상상아트홀,KT&G SANGSANG ARTHALL,2006,강남구  ,       ,서울시 강남구 대치동 1002번지 코스모타워 3층,,02-3404-4314,http://www.sangsangarthall.com,127.0653867,37.5066159
49,공연장,LG아트센터,LG Arts Center,2000,강남구  ,       ,서울시 강남구 역삼동 679,,02-2005-0114,http://www.lgart.com/Main/LgArtsCenter_Main.aspx,127.0368101,37.5020964
51,공연장,LIG아트홀,LIG art Hall,    ,강남구  ,       ,서울시 강남구 역삼동 649-11 LIG타워 지하2층,,02-6900-3900,http://www.ligarthall.com/,127.0302845,37.4992003
54,공연장,NH아트홀,NHARTHALL,2011,중구   ,       ,서울시 중구 충정로1가 85 NH아트홀,,1599-2299,,126.9675545,37.5658651
55,미술관,oci미술관,,    ,종로구  ,110-140,서울시 종로구 우정국로 45-14,,02-734-0440~1,http://www.ocimuseum.org,126.9821345,37.5732790
58,공연장,SCAU 대학로 극장(서울문화예술대학교 대학로극장),seoul culture arts university theatre,2010,종로구  ,       ,서울시 종로구 동숭동 1-149 유니굽 빌딩 지하,,02-3675-0990,,127.0042566,37.5803687
59,공연장,SH홀,SH hall,1988,종로구  ,       ,서울시 종로구 동숭동 1-131 B1(마로니에유리빌딩지하1층)110-510,,02-747-2265,http://www.theatersh.com,127.0034925,37.5799234
60,공연장,SM 틴틴홀,SM Tin Tin Hall,2005,종로구  ,       ,서울시 종로구 동숭동 1-74 지하1층,,02-744-6700,http://www.tintinhall.co.kr,127.0035344,37.5825000
61,공연장,SM스타홀,SM Star Hall - D// Hall,2007,종로구  ,       ,서울시 종로구 동숭동 1-96,,02-745-6700,,127.0037139,37.5816082
62,공연장,SM아트홀,SM Art Hall,2008,종로구  ,       ,"서울시 종로구 동숭동 1-92번지 지하1,2층 (110-510)",,02-744-6700,,127.0039484,37.5810340
63,전시시설,UM갤러리,,    ,강남구  ,135-889,서울시 강남구 압구정로12길 25,3층,02-515-3970,http://www.efmc.or.kr,,
64,전시시설,가나아트갤러리/센터,,    ,종로구  ,110-846,서울시 종로구 평창30길 28,,02-720-1020,http://iyeonwoo.co.kr,126.9751698,37.6122897
67,공연장,가든씨어터,,    ,종로구  ,       ,서울시 종로구 동숭동 1-63,,,,127.0027808,37.5822958
69,전시시설,가람화랑,,    ,종로구  ,110-300,서울시 종로구 인사동10길 11,,"02-732-6170,02-733-5601",http://www.treeandwater.com,126.9856126,37.5742882
73,공연장,가야극장,,    ,서대문구 ,       ,서울시 서대문구 충정로3가 58-1 구세군빌딩 1층,,02-6364-4888,http://www.kayatheatre.co.kr,126.9624604,37.5602553
77,전시시설,가인갤러리,,    ,종로구  ,110-848,서울시 종로구 평창20길 51,,02-394-3631,http://edu.woosuk.ac.kr,126.9699227,37.6110393
78,전시시설,가진화랑,,    ,종로구  ,110-033,서울시 종로구 자하문로 74,,02-738-3581,http://www.wonderspace.co.kr,126.9708940,37.5825459
79,공연장,가톨릭청년회관 다리 CY씨어터,cycdari CY Theater,2010,마포구  ,       ,서울시 마포구 동교동 158-2,,070-8668-5796,http://www.scyc.or.kr,126.9230576,37.5572374
80,박물관,가회민화박물관,,    ,종로구  ,110-260,서울시 종로구 북촌로 12길 17,,02-741-0466,http://www.gahoemuseum.org,126.9856425,37.5821481
83,전시시설,감성예술교육센터,,    ,관악구  ,151-817,서울시 관악구 낙성대역16길 13,,02-875-3937,http://www.hanaartgallery.com,126.9648146,37.4734494
84,도서관,강남 역삼 푸른솔도서관,,    ,강남구  ,135-935,서울시 강남구 테헤란로 8길 36,강남문화원 4층,02-2051-1178,http://www.banghwa11.or.kr,127.0319369,37.4964209
85,공연장,강남구민회관,Gangnam-gu Hall,1996,강남구  ,       ,서울시 강남구 대치2동 509-2,,02-3430-1150,http://www.hanpac.or.kr,127.0641398,37.4938431
87,도서관,강남도서관,,    ,강남구  ,135-867,서울시 강남구 선릉로 116길 45,,02-3448-4741~5,http://www.dc7.or.kr,127.0466843,37.5136409
89,공연장,강남아트홀,GangNam Art Hall,2010,서초구  ,       ,서울시 서초구 서초동 1307 성우빌리지 B1,,02-537-5510,http://cafe.daum.net/theaterill,127.0248851,37.5001062
92,도서관,강동구립 강일도서관,,    ,강동구  ,134-100,서울시 강동구 아리수로 93길 9-14,"복합청사내 4,5층","02-427-7676,02-427-4004",http://www.gallerygodo.com,127.1739090,37.5649783
93,도서관,강동구립 성내도서관,,    ,강동구  ,134-843,서울시 강동구 성안로 106-1,,"02-471-0044,02-471-1071",http://www.gallery-now.com,127.1333198,37.5328592
94,도서관,강동구립 암사도서관,,    ,강동구  ,134-857,서울시 강동구 고덕로 20길 42,,02-429-0476~7,http://www.galerie-gaia.net,127.1333703,37.5528310
95,도서관,강동구립 해공도서관,,    ,강동구  ,134-868,서울시 강동구 올림픽로 702,,02-478-9656~7,http://www.grimson.co.kr,127.1255997,37.5439721
97,도서관,강동도서관,,    ,강동구  ,134-010,서울시 강동구 양재대로 116길 57,,"02-483-0528,02-483-0728",,127.1437561,37.5385252
105,도서관,강북 청소년문화정보도서관,,    ,강북구  ,142-816,서울시 강북구 삼양로 54길 68,,02-944-3141,http://www.gallerysimon.com,127.0215107,37.6231369
108,도서관,강북문화정보도서관,,    ,강북구  ,142-060,서울시 강북구 오현로 145,,02-944-3100,http://www.artlink.co.kr,127.0360503,37.6251529
110,도서관,강서 꿈꾸는 어린이도서관,,    ,강서구  ,157-864,서울시 강서구 공항대로 615,,02-3663-4025~6,http://www.khjgallery.com,126.8733216,37.5473549
111,도서관,강서 우장산 숲속도서관,,    ,강서구  ,157-010,서울시 강서구 우현로 34,,02-2696-6690~90,http://www.kumhomuseum.com,126.8418849,37.5482468
112,도서관,강서 푸른들 청소년도서관,,    ,강서구  ,157-918,서울시 강서구 강서로 45다길 71,,02-2691-1630~1,http://www.kimjinhyegallery.com,126.8351790,37.5446796
114,도서관,강서길꽃 어린이도서관,,    ,강서구  ,157-857,서울시 강서구 금낭화로 24길 5,,02-2663-4764~5,http://www.gallerykim.com,126.8135628,37.5787386
115,도서관,강서도서관,,    ,강서구  ,157-716,서울시 강서구 등촌로 51나길 29,,02-3219-7000,,126.8599269,37.5478818
118,도서관,개봉도서관,,    ,구로구  ,152-811,서울시 구로구 개봉로16길 30-11,,02-2689-1695,,126.8583074,37.4897272
119,도서관,개봉어린이도서관,,    ,구로구  ,152-806,서울시 구로구 경인로 318-15,,"02-2066-1695,02-2066-1659",http://www.in7942.or.kr,126.8559144,37.4967666
120,도서관,개울작은도서관,,    ,양천구  ,158-857,서울시 양천구 철쭉2길 31,,02-2696-8910,,,
121,도서관,개포도서관,,    ,강남구  ,135-802,서울시 강남구 선릉로 4길 30,,02-3462-1989,http://www.dc9.or.kr,127.0638794,37.4830923
122,전시시설,갤러리 41 (종로갤러리) ,,    ,종로구  ,110-190,서울시 종로구 삼청로 22-31,,02-744-0341,http://www.primeenter.co.kr,126.9805240,37.5778216
123,전시시설,갤러리 SP,,    ,강남구  ,135-888,서울시 강남구 압구정로4길 13-20,SP빌딩,02-546-3560,,127.0216655,37.5223607
124,전시시설,갤러리 보는,gallerybonun,2013,마포구  ,121-883,서울시 마포구 합정동 1?358,354-32 1층 갤러리보는,02-334-0710,http://www.gallerybn.com,,
125,전시시설,갤러리 서림,,    ,강남구  ,135-953,서울시 강남구 학동로 523,,02-515-3377,http://www.gurocc.or.kr,127.0561314,37.5201084
126,전시시설,갤러리 스클로,,    ,중구   ,100-826,서울시 중구 다산로16길 29,비컨힐빌딩 1층,02-2236-1582,http://www.hanpac.or.kr,127.0134777,37.5562483
127,전시시설,갤러리 자인제노,,    ,종로구  ,110-034,서울시 종로구 자하문로10길 9-4,,02-737-5751,http://www.i-pmc.co.kr,126.9721538,37.5796515
128,공연장,갤러리 쿠오리아,,2007,용산구  ,       ,"서울시 용산구 남영동 131-1 해태제과본사 1,2,3층",,02-709-7425,http://www.art-block.co.kr,126.9737014,37.5407228
129,전시시설,갤러리LVS,,    ,강남구  ,135-120,서울시 강남구 도산대로 27길 33,자스미빌딩 B1,02-3443-7475,http://www.galleryyemac.com,127.0272981,37.5221014
130,전시시설,갤러리PICI ,,    ,강남구  ,135-955,서울시 강남구 도산대로87길 25,,02-547-9569,http://www.seekle.or.kr,127.0501583,37.5263531
131,전시시설,갤러리가이아,,    ,종로구  ,110-300,서울시 종로구 인사동길 57-1,,02-733-3373,http://www.wonderspace.co.kr,126.9834724,37.5750835
132,전시시설,갤러리고도,,    ,종로구  ,110-140,서울시 종로구 율곡로 24,한진빌딩 1층,02-720-2223,http://www.wonderspace.co.kr,126.9820179,37.5753880
133,전시시설,갤러리그림손,,    ,종로구  ,110-310,서울시 종로구 인사동10길 22,,02-733-1045~6,http://erang.naool.com,126.9861938,37.5742207
134,전시시설,갤러리나우,,    ,종로구  ,110-300,서울시 종로구 인사동길 39,성지빌딩 3층,02-725-2930,http://cafe.daum.net/inatheater,126.9849791,37.5738112
135,전시시설,갤러리담,,    ,종로구  ,110-240,서울시 종로구 윤보선길 72,,02-738-2745,http://www.parktc.com,126.9834515,37.5790823
136,전시시설,갤러리도올,,    ,종로구  ,110-220,서울시 종로구 삼청로 87,도올빌딩 2층,02-739-1405~6,,126.9816743,37.5832329
137,전시시설,갤러리두가헌,,    ,종로구  ,110-190,서울시 종로구 삼청로 14,,02-2287-3551~2,http://www.ds.or.kr,126.9798233,37.5773057
138,전시시설,갤러리뤼미에르,,    ,강남구  ,135-100,서울시 강남구 선릉로 158길 10,한나빌딩 4층,"02-517-2134,02-517-2176",http://www.goyouth.or.kr,127.0408562,37.5254447
139,미술관,갤러리마노,,    ,서초구  ,137-927,서울시 서초구 남부순환로323길 1,예전빌딩 4층,02-741-6030,,127.0135170,37.4811499
140,전시시설,갤러리미,,    ,강남구  ,135-955,서울시 강남구 압구정로 461,네이쳐포엠 312호,02-542-3004,http://www.naruart.or.kr,127.0472279,37.5252740
141,전시시설,갤러리반디트라소,,    ,종로구  ,110-848,서울시 종로구 평창30길 16,,02-734-2312,,126.9750736,37.6112387
142,전시시설,갤러리베아르떼,,    ,종로구  ,110-340,서울시 종로구 삼일대로 32길 36,운현신화타워,02-739-4333,http://and.smu.ac.kr,126.9891064,37.5752211
143,전시시설,갤러리상,,    ,종로구  ,110-220,서울시 종로구 삼청로7길 37,,02-730-0030,http://and.smu.ac.kr,126.9797245,37.5837918
144,전시시설,갤러리서미앤투스,,    ,강남구  ,135-517,서울시 강남구 압구정로 80길 19,,"02-511-7305,02-511-7245",http://www.uac.co.kr,127.0452279,37.5246530
145,전시시설,갤러리선컨템포러리,,    ,종로구  ,110-200,서울시 종로구 삼청로 52,,02-720-5789,,126.9803894,37.5805512
146,전시시설,갤러리세줄,,    ,종로구  ,110-848,서울시 종로구 평창30길 40,,02-391-9171,,126.9751593,37.6134201
147,전시시설,갤러리송아당,,    ,종로구  ,110-190,서울시 종로구 율곡로1길 41,,02-725-6713,,126.9806489,37.5778196
148,전시시설,갤러리시몬,,    ,종로구  ,110-040,서울시 종로구 자하문로6길 20,,02-549-3031,,126.9732515,37.5780538
149,전시시설,갤러리아미,,    ,강남구  ,135-100,서울시 강남구 압구정로 445,8층,02-514-5568,http://www.yookyoung.org/,127.0461066,37.5265381
150,전시시설,갤러리아트링크,,    ,종로구  ,110-240,서울시 종로구 율곡로3길 66-17,,02-738-0738,http://www.jungmiso.com,126.9829499,37.5787291
151,전시시설,갤러리아트사이드,,    ,종로구  ,110-040,서울시 종로구 자하문로6길 15,,02-725-1020,http://cafe.naver.com/sktheater.cafe,126.9729461,37.5782683
152,전시시설,갤러리아트앤드림,,    ,강남구  ,135-889,서울시 강남구 도산대로13길 9,"보고빌딩 1층, B1",02-543-3162,http://www.domarthall.com,,
153,전시시설,갤러리예맥,,    ,광진구  ,143-854,서울시 광진구 능동로 92,,02-720-9912,http://www.gallerysklo.co.kr,127.0711481,37.5390734
154,전시시설,갤러리우림,,    ,종로구  ,110-300,서울시 종로구 인사동10길 18,,02-733-3788,http://www.sewooartcenter.com,126.9859216,37.5742453
155,전시시설,갤러리원,,    ,강남구  ,135-956,서울시 강남구 압구정로71길 14,,02-514-3439,http://www.uniqlo-ax.com/,127.0459153,37.5275269
156,전시시설,갤러리유로,,    ,강남구  ,135-892,서울시 강남구 논현로 805,유로플라자 1층,02-3444-6995,http://www.gj.or.kr,127.0276889,37.5206735
157,전시시설,갤러리인,,    ,종로구  ,110-220,서울시 종로구 청와대로 73,,02-732-4677,http://www.sotc.or.kr,126.9804626,37.5817592
158,전시시설,갤러리인데코,,    ,강남구  ,135-894,서울시 강남구 압구정로36길 8,,02-511-0032,http://www.jayang.or.kr,127.0313402,37.5279620
159,전시시설,갤러리잔다리,,    ,마포구  ,121-838,서울시 마포구 양화로16길 14-16,,02-323-4155,http://zandari.com/,126.9200479,37.5527617
160,전시시설,갤러리정,,    ,종로구  ,110-070,서울시 종로구 경희궁2길 12,,02-733-1911,http://www.eggnuc.com,126.9714230,37.5728673
161,전시시설,갤러리조선,,    ,종로구  ,110-200,서울시 종로구 북촌로5길 64,,02-723-7133~4,,126.9814861,37.5799461
162,전시시설,갤러리진선,,    ,종로구  ,110-220,서울시 종로구 삼청로 61,,02-723-3340,http://cafe.naver.com/spthater.cafe,126.9806419,37.5813351
163,전시시설,갤러리토포하우스,,    ,종로구  ,110-300,서울시 종로구 인사동11길 6,,"02-722-9883,02-734-7555",http://www.charlottetheater.co.kr/,126.9843370,37.5741040
164,전시시설,갤러리포커스 서울점,,    ,강남구  ,135-732,서울시 강남구 테헤란로 521,코엑스인터컨티넨탈호텔 B2 쇼핑아케이드 C-24,02-568-5644,http://www.chunggok.org,127.0608688,37.5095450
165,전시시설,갤러리현대,,    ,종로구  ,110-190,서울시 종로구 삼청로 8,,02-734-6111~3,,126.9798669,37.5766398
167,공연장,게릴라극장,Guerrilla Theater,2006,종로구  ,       ,서울시 종로구 혜화동 15-29,,02-763-1268,http://http://www.stt1986.com,127.0004576,37.5874597
169,박물관,겸재정선기념관,,    ,강서구  ,157-801,서울시 강서구 양천로47길 36,,02-2659-2206~7,,126.8384590,37.5722273
171,공연장,경복궁아트홀,gyeongbokgungarthall,2012,종로구  ,       ,서울시 종로구 효자동 70-1,,02-735-0506,,126.9706858,37.5833533
174,도서관,고척도서관,,    ,구로구  ,152-082,서울시 구로구 고척로 45길 31,,"02-2615-0524,02-2615-0526~8",http://www.yurin.or.kr,126.8530691,37.5052938
175,공연장,공간아울,SPACE OWL,2010,종로구  ,       ,서울시 종로구 동숭동 1-27  지하1층,,,http://www.spaceowl.co.kr,127.0022928,37.5818853
176,전시시설,공간지은,SPACEJIEUN,2022,송파구  ,05527  ,서울시 송파구 풍성로 22 (풍납동),1층,0507-1388-0280,,127.1149269,37.5347674
179,박물관,공연예술박물관,,    ,중구   ,100-857,서울시 중구 장춘단로 59,국립중앙극장,02-2280-4114,http://art.nowon.seoul.kr,,
180,박물관,관세박물관,,    ,강남구  ,135-702,서울시 강남구 언주로721,,02-510-1082,http://www.goodwill.or.kr,127.0344461,37.5183780
181,도서관,관악문화관 도서관,,    ,관악구  ,151-858,서울시 관악구 신림로3길 35,,02-887-6890,http://www.oneandj.com,126.9448709,37.4675977
182,공연장,관악문화관도서관 ,Gwanak cultural center & library,2002,관악구  ,       ,서울시 관악구 문화길 17 (신림9동 209-1),,02-887-6814,http://www.gwanakcullib.seoul.kr/,,
185,전시시설,관훈갤러리,,    ,종로구  ,110-300,서울시 종로구 인사동11길 11,,02-733-6469,http://hall.munhwa.com,126.9842817,37.5738068
190,도서관,광진정보도서관,,    ,광진구  ,143-802,서울시 광진구 아차산로 78길 90,,02-3437-5092~5,http://www.moca.go.kr,127.1104021,37.5505773
195,도서관,구로도서관,,    ,구로구  ,152-842,서울시 구로구 공원로 15,,02-6958-2800,http://www.snwc.or.kr,126.8915633,37.4986631
197,공연장,구로아트밸리 예술극장,Guroartsvalley Theater,2007,구로구  ,       ,서울시 구로구 구로5동 101번지,,02-2029-1700,,126.8889608,37.4965742
200,도서관,구로주민전용도서관,,    ,구로구  ,152-857,서울시 구로구 구로중앙로27나길 21,구로초등학교 내 온누리관 4층,02-858-9080,http://www.jjang.or.kr,126.8854764,37.4965404
202,도서관,구립 서초어린이도서관,,    ,서초구  ,137-859,서울시 서초구 효령로 77길 37,,02-3471-1337,http://www.gallerylumiere.com,127.0281580,37.4922947
203,도서관,구립증산정보도서관,,    ,은평구  ,122-936,서울시 은평구 증산로 5길 6,,02-307-6030,http://www.jsplib.or.kr,126.9075589,37.5827270
205,박물관,국립고궁박물관,,    ,종로구  ,110-820,서울시 종로구 효자로 12,,02-3701-7500,http://www.gogung.go.kr,126.9750486,37.5765262
208,박물관,국립민속박물관,,    ,종로구  ,110-820,서울시 종로구 삼청로 37,,02-3704-3114,http://www.nfm.go.kr,126.9787636,37.5794848
209,도서관,국립어린이청소년도서관,,    ,강남구  ,135-908,서울시 강남구 테헤란로 7길 21,,02-3413-4800,,127.0296766,37.5009020
210,도서관,국립중앙도서관,,    ,서초구  ,137-702,서울시 서초구 반포대로 201,,02-535-4142,http://www.gallerymee.com,127.0031016,37.4974297
211,박물관,국립중앙박물관,,    ,용산구  ,140-797,서울시 용산구 서빙고로 137,,02-2077-9000,http://www.museum.go.kr,126.9803881,37.5240867
213,공연장,국립중앙박물관 극장용,Theater Yong,2005,용산구  ,       ,서울시 용산구 용산동6가 168-6번지,,02-2077-9724,,126.9821761,37.5231057
215,박물관,국악박물관,,    ,서초구  ,137-718,서울시 서초구 남부순환로 2364,,02-580-3153,http://www.galeriepici.com,127.0088804,37.4778469
216,전시시설,국제갤러리,,    ,종로구  ,110-200,서울시 종로구 삼청로 54,,02-735-8449,http://www.baekamhall.com/index.php,126.9804955,37.5807407
217,도서관,국회도서관,,    ,영등포구 ,150-703,서울시 영등포구 의사당대로 1,,"02-788-4211,080-788-4211",http://www.nanet.go.kr,126.9142029,37.5319170
220,전시시설,그로리치화랑,,    ,종로구  ,110-848,서울시 종로구 평창30길 35,,02-395-5907,http://www.lovedance.co.kr/main.php,126.9750760,37.6130867
222,공연장,극장 가자,Theater Gaja,2009,종로구  ,       ,서울시 종로구 동숭동 1-73 미트모빌딩 5층,,02-742-7611,,127.0032723,37.5824988
223,박물관,근현대디자인박물관,,    ,마포구  ,121-880,서울시 마포구 와우산로30길 36,,070-7010-4346~7,http://www.designmuseum.or.kr,126.9298168,37.5532585
224,도서관,글마루 한옥어린이도서관,,    ,구로구  ,152-804,서울시 구로구 고척로 27바길 7,,02-2615-8200,,126.8456710,37.5068897
225,도서관,글빛 정보도서관,,    ,관악구  ,151-050,서울시 관악구 관악로 30길 23,,02-878-7460,http://www.iartpark.com,126.9596849,37.4862621
226,도서관,금나래 아트홀도서관,,    ,금천구  ,153-701,서울시 금천구 시흥대로 73길 70,,02-2627-2991~2,,126.8955105,37.4568644
228,공연장,금나래아트홀,Geumnarae Art Hall,2008,금천구  ,153-863,서울시 금천구 시흥동 벚꽃심리길 375번지 금천구청 내,,02-2627-2981~5,http://http://www.gnrart.or.kr/,,
229,도서관,금천구립 가산정보도서관,,    ,금천구  ,153-801,서울시 금천구 가산로 5길 43,,02-865-6817~9,,126.8921364,37.4734953
230,도서관,금천구립 정보도서관,,    ,금천구  ,153-815,서울시 금천구 독산로 54길 114,,02-863-9544~6,http://www.arthallstarcity.com,126.9080685,37.4675724
235,미술관,금호미술관,,    ,종로구  ,110-190,서울시 종로구 삼청로 18,,02-720-5114,http://www.kumhomuseum.com,126.9799272,37.5774720
236,전시시설,금호미술관,,    ,종로구  ,110-190,서울시 종로구 삼청로 18,,02-720-5114,http://www.sanwoollim.kr/files/index.php,126.9799272,37.5774720
239,공연장,김대범소극장,KDBHALL,2012,종로구  ,       ,서울시 종로구 명륜4가 170-3번지,,02-766-1421,http://www.doosanartcenter.com/,126.9992015,37.5824690
240,공연장,김동수플레이하우스,Kim Dong Soo Theater Company,2000,종로구  ,       ,서울시 종로구 연건동 178-1 동마루 빌딩 지층,,02-3675-4675,http://http://www.i-actor.co.kr,127.0025768,37.5765289
242,전시시설,김영섭사진화랑,,    ,종로구  ,110-300,서울시 종로구 인사동길 46,,02-733-6331~2,,126.9844465,37.5742035
243,전시시설,김진혜갤러리,,    ,종로구  ,110-290,서울시 종로구 인사동길 11-3,"2, 3층",02-725-6751,http://maryhall.sogang.ac.kr/,126.9867029,37.5719883
244,전시시설,김현주갤러리,,    ,종로구  ,110-220,서울시 종로구 삼청로 7길 19-9,,02-732-4666,,126.9809896,37.5835165
246,공연장,까망소극장,kkamang little theater,1993,종로구  ,       ,서울시 종로구 동숭동 1-89 석마빌딩 3층 까망소극장,,02-3672-8868,http://http://blog.naver.com/tonado2121,127.0040120,37.5812365
248,공연장,꿈꾸는 공작소,,2011,종로구  ,       ,서울시 종로구 혜화동 74-12,,,,127.0003003,37.5869068
249,도서관,꿈마을 도서관,,    ,구로구  ,152-875,서울시 구로구 디지털로 27다길 65,,02-830-5807,http://www.lgart.com,126.8901683,37.4871569
250,공연장,꿈의숲아트센터,DreamForestArtsCenter,2009,강북구  ,01228  ,서울시 강북구 월계로 173,꿈의숲아트센터,02-2289-5401,http://www.dfac.or.kr,127.0407344,37.6233355
252,공연장,나온씨어터,Naon theater,2008,종로구  ,       ,서울시 종로구 명륜1가 36-4,,02-3675-3677,http://cafe.naver.com/naonculture,126.9994075,37.5877182
254,전시시설,나화랑.나갤러리,,    ,종로구  ,110-776,서울시 종로구 삼일대로 461,SK 허브 101동 B107호,02-732-8846,,126.9857937,37.5756316
255,공연장,낙산씨어터,Naksan Theater,2003,종로구  ,       ,서울시 종로구 혜화동 201번지 110-530,,02-3676-5551,,127.0025623,37.5836856
257,도서관,남가좌 새롬어린이도서관,,    ,서대문구 ,120-807,서울시 서대문구 증가로 10길 16-15,,02-360-8675,http://www.kidlib.dobong.kr,126.9240475,37.5783377
258,전시시설,남경화랑,,    ,종로구  ,110-290,서울시 종로구 인사동길 27,,02-733-1411,http://sowol.sdmc.go.kr,126.9860287,37.5730797
260,공연장,내여페THE STAGE,NAEYUPE'S THE STAGE,2012,종로구  ,       ,서울시 종로구 동숭동 1-58 지하,,070-4307-5145,http://www.doosanartcenter.com/,127.0025165,37.5823007
262,공연장,노원문화예술회관,Nowon Art Center,2004,노원구  ,       ,서울시 노원구 무수동길181 (139-861) 노원문화예술회관,,02-3392-5721,http://art.nowon.seoul.kr,,
265,도서관,노원어린이도서관  ,,    ,노원구  ,139-859,서울시 노원구 한글비석길 346,,02-933-7145,,,
267,도서관,노원정보도서관,,    ,노원구  ,139-825,서울시 노원구 노원로 34길 43,,02-950-0050,http://www.hongikartcenter.com,127.0650628,37.6610922
269,도서관,노원평생학습관,,    ,노원구  ,139-865,서울시 노원구 동일로 204길 13,,02-979-1741,http://www.hongikartcenter.com,127.0678212,37.6395139
270,공연장,노을소극장,,2011,종로구  ,       ,서울시 종로구 동숭동 1-51,,02-921-9723,http://www.thenoel.co.kr,127.0032530,37.5829834
271,전시시설,노화랑,,    ,종로구  ,110-300,서울시 종로구 인사동길 54,,02-732-3558,http://www.sejongpac.or.kr,126.9841020,37.5748693
275,도서관,논현정보도서관,,    ,강남구  ,135-815,서울시 강남구 학동로 169-1,,02-515-1178,http://www.21csw.or.kr,127.0293154,37.5139079
276,박물관,농업박물관,,    ,중구   ,100-707,서울시 중구 새문안로 16,,02-2080-5727~8,http://www.spcc.or.kr,126.9683226,37.5668447
278,전시시설,다도화랑,,    ,강남구  ,135-889,서울시 강남구 압구정로12길 35-1,,02-542-0755,,,
280,공연장,달빛극장,moonshine theater,2012,종로구  ,       ,서울시 종로구 명륜4가 41-1,,02-747-9202,http://www.shinmyungnanum.com,127.0010177,37.5828864
281,미술관,대림미술관,,    ,종로구  ,110-040,서울시 종로구 자하문로4길 21,,02-720-0667,http://www.daelimmuseum.org,126.9733812,37.5775300
282,전시시설,대림미술관,,    ,종로구  ,110-040,서울시 종로구 자하문로4길 21,,02-720-0667,http://www.sejongpac.or.kr,126.9733812,37.5775300
283,도서관,대림정보문화도서관,,    ,영등포구 ,150-811,서울시 영등포구 도산로 27,,02-828-3700,http://www.dllib.or.kr,,
285,전시시설,대안공간 동네미술관,,    ,용산구  ,140-830,서울시 용산구 효창원로110길 11-1,,070-4204-6343,http://blog.naver.com/dongnemisul,126.9639103,37.5517613
287,도서관,대치도서관,,    ,강남구  ,135-778,서울시 강남구 삼성로 212,은마아파트 복지상가 2층 215호,02-565-6666,http://www.gs-youth.or.kr,127.0650701,37.4977415
288,공연장,대학로 갤러리,Daehakro Mio Gallery,2009,종로구  ,       ,서울시 종로구 동숭동 1-60 바탕골 4층,,02-742-7088,http://www.gallerymio.com,127.0025685,37.5818985
289,전시시설,대학로 갤러리,,    ,종로구  ,110-809,서울시 종로구 대학로10길 5,4층,02-742-7088,http://www.gabyun.com/,127.0025975,37.5818620
290,공연장,대학로 국민대학교 제로원디자인센터,Zeroone design center,    ,종로구  ,       ,서울시 종로구 동숭동 1-1,,02-745-2490,http://www.zeroonecenter.com,127.0040373,37.5834516
292,공연장,대학로 뮤지컬센터 공간 피꼴로,DaehangnoMusicalCenter  Piccolo,2012,종로구  ,       ,서울시 종로구 동숭길 100 대학로뮤지컬센터 공간삐꼴로 4F,,02-2135-1507,,127.0042712,37.5828444
293,공연장,대학로 소리아트홀 1관,SORIARTHALL,2010,종로구  ,       ,서울시 종로구 혜화동 90-18 뉴시티빌딩4층 소리아트홀,,02-766-2022,http://www.sorihall.com,127.0020829,37.5842582
294,공연장,대학로 소리아트홀 2관,SORIARTHALL,2010,종로구  ,       ,서울시 종로구 혜화동 90-18 뉴시티빌딩4층 소리아트홀,,02-766-2022,http://www.sorihall.com,127.0020829,37.5842582
295,공연장,대학로 소리아트홀 3관,SORIARTHALL,2010,종로구  ,       ,서울시 종로구 혜화동 90-18 뉴시티빌딩4층 소리아트홀,,02-766-2022,http://www.sorihall.com,127.0020829,37.5842582
296,공연장,대학로 스타시티 6층,Starcity 6F,2012,종로구  ,       ,서울시 종로구 명륜4가 113-1 스타시티 빌딩,,02-747-9139,,127.0004837,37.5820867
297,공연장,대학로 아트원씨어터 1관,,2009,종로구  ,       ,서울시 종로구 동숭동 1-181번지 대학로 아트원씨어터,,02-762-0010,,127.0039400,37.5802717
298,공연장,대학로 아트원씨어터 2관,,2009,종로구  ,       ,서울시 종로구 동숭동 1-181번지 대학로 아트원씨어터,,02-762-0010,,127.0039400,37.5802717
299,공연장,대학로 아트원씨어터 3관,,2009,종로구  ,       ,서울시 종로구 동숭동 1-181번지 대학로 아트원씨어터,,02-762-0010,,127.0039400,37.5802717
300,공연장,대학로 우리네극장(구 미라클씨어터 2관),deahakro woorine theatre,2012,종로구  ,       ,서울시 종로구 동숭동 1-145,,02-766-0242,http://www.ycac.yonsei.ac.kr,127.0041525,37.5807781
302,공연장,대학로극장,Daehangno Theater,1987,종로구  ,       ,서울시 종로구 연건동 178-1 동마루빌딩 지하1층,,"02-764-6052,02-766-0773",,127.0025768,37.5765289
304,공연장,대학로뮤지컬센터,,    ,종로구  ,       ,서울시 종로구 동숭동 25-5번지,,02-2135-1507,http://www.kous.or.kr/kous,127.0044075,37.5828769
305,공연장,대학로비너스극장,,2011,종로구  ,       ,서울시 종로구 동숭동 1-93 지하1층,,,,127.0037037,37.5809979
307,공연장,대학로연습실1,,2004,종로구  ,       ,서울시 종로구 동숭동 1-43,,02-747-7805,http://www.sfac.or.kr,127.0034767,37.5831733
308,공연장,대학로연습실2,,2009,종로구  ,       ,서울시 종로구 동숭동 1-75 2층,,02-747-8558,http://www.sfac.or.kr,127.0035361,37.5822908
310,공연장,"대학로예술극장 3관(구,상상나눔씨어터)",,2009,종로구  ,       ,서울시 종로구 동숭동 187-8 B1 대학로예술극장 3관 110-810,,02-3668-0029,,127.0046646,37.5798116
311,공연장,대학로예술극장 대극장,Daehangno Arts Theater,2009,종로구  ,       ,서울시 종로구 동숭동 1-67,,02-3668-0007,http://www.hanpac.or.kr,127.0031704,37.5820911
312,공연장,대학로예술극장 소극장,Daehangno Arts Theater Small Theater,2009,종로구  ,       ,서울시 종로구 동숭동 1-67,,02-3668-0007,http://www.hanpac.or.kr,127.0031704,37.5820911
314,공연장,대학로우리극장,Theater Woori,2005,종로구  ,       ,서울시 종로구 동숭동 1-58 대학성 빌딩 지하,,02-745-0308,http://http://www.jtculture.com,127.0025165,37.5823007
315,공연장,대학로자유극장(구. PMC대학로자유극장),PMC Daehangno Ja-U Theater,2005,종로구  ,       ,서울시 종로구 동숭동 1-45 자유빌딩,,02-745-8289,http://www.i-pmc.co.kr,127.0036117,37.5827718
316,공연장,댕로홀(구 두레홀1관),Daeng no hall,2005,종로구  ,       ,서울시 종로구 동숭동 1-78번지 마로니빌딩 지하1층,,070-4355-0010,,127.0037179,37.5818877
317,공연장,더 스테이지,The Stage,2009,서대문구 ,       ,서울시 서대문구 창천동 18-29 버티고빌딩 B2층,,02-312-9940,http://http://www.thestagetheater.co.kr/,126.9372021,37.5563169
318,전시시설,더갤러리,,    ,마포구  ,121-893,서울시 마포구 잔다리로,28 W&H빌딩 B1,02-3142-5558,http://www.the-gallery.kr/,,
319,공연장,더굿씨어터,The Good Theater,2004,종로구  ,       ,서울시 종로구 혜화동 185번지 중원빌딩 지하 2층,,02-741-7251,http://cafe.daum.net/theaterill,127.0021698,37.5839746
321,전시시설,더컬럼스갤러리,,    ,용산구  ,140-863,서울시 용산구 이태원로 27길 31-2,,02-3442-6301,http://www.columns.co.kr,126.9939304,37.5355139
322,미술관,덕수궁미술관 국립현대미술관,,    ,중구   ,100-120,서울시 중구 세종대로 99,,02-2022-0600,,126.9737396,37.5658456
323,도서관,도봉1동 어린이도서관,,    ,도봉구  ,132-816,서울시 도봉구 도봉로 175길 10, 3층,02-3492-0078,http://www.gdgumin.or.kr,127.0428900,37.6830056
325,공연장,도봉구민회관 대공연장,,1993,     ,       ,,,02-901-5000,http://www.cgv.co.kr/arthall/info/introduction.aspx,,
326,도서관,도봉도서관,,    ,도봉구  ,132-885,서울시 도봉구 삼양로 556,,02-6714-7415,http://www.gyyc.kr,127.0129630,37.6528150
328,도서관,도봉문화정보센터,,    ,도봉구  ,132-040,서울시 도봉구 덕릉로 315,,02-900-1835~8,http://www.gdcc.or.kr,127.0438870,37.6446038
330,도서관,도봉어린이문화정보센터,,    ,도봉구  ,132-040,서울시 도봉구 노해로69길 151,,02-995-4171~2,http://www.gangdongarts.or.kr,127.0495750,37.6590571
331,도서관,독립서점 쿨디가,Bookstore KULDIGA,2021,서초구  ,06654  ,"서울시 서초구 효령로55길 22 (서초동, 그린빌오피스텔)",그린빌오피스텔 401호 (3호선 남부터미널역 6번 출구),,,127.0146852,37.4857855
333,공연장,동국대학교 이해랑 예술극장,,2008,중구   ,       ,서울시 중구 필동 3가 26번지,,02-2260-8901~2,http://www.이해랑예술극장.com/,126.9985604,37.5593040
336,도서관,동대문구 정보화도서관,,    ,동대문구 ,130-868,서울시 동대문구 회기로 10길 60,,02-960-1959,http://www.L4D.or.kr,127.0473310,37.5900642
337,공연장,동대문구문화회관,Dongdaemun-Gu Culture Center,1997,동대문구 ,       ,서울시 동대문구 답십리길 210 - 2 (답십리동 산2-121,,02-2127-5090,http://www.arirangv.co.kr,,
338,도서관,동대문도서관,,    ,동대문구 ,130-813,서울시 동대문구 천호대로 4길 22,,02-2254-1845~7,http://ddmlib.sen.go.kr,127.0247796,37.5735535
345,전시시설,동산방화랑,,    ,종로구  ,110-170,서울시 종로구 인사동9길 35,,02-733-5877,http://www.sac.or.kr,126.9833881,37.5729362
346,공연장,동서울아트홀,Dongseoul Art Hall,2011,광진구  ,       ,서울시 광진구 구의동 595 번지,,02-3436-7777,http://www.sunginthesky.com,127.0918986,37.5341714
347,공연장,동서울아트홀,DONGSEOULARTHALL,2012,광진구  ,       ,서울시 광진구 구의동 595 지하2층,,02-3436-7777,http://www.sorihall.com,127.0918986,37.5341714
349,전시시설,동숭갤러리,,    ,종로구  ,110-522,서울시 종로구 창경궁로 34길 18-5,,02-745-0011,http://www.sac.or.kr,127.0008253,37.5841148
350,공연장,동숭무대소극장,Dong-Soong Small Theater,2002,종로구  ,03068  ,"서울시 종로구 혜화로 35 (명륜1가, 경주이씨중앙화수회관)",지하1층 동숭무대소극장,,,126.9991790,37.5886979
351,공연장,동숭아트센터 꼭두랑놀자,,2009,종로구  ,       ,서울시 종로구 동숭동 1-5번지 동숭아트센터,,02-766-3315,http://www.kokdumuseum.com,127.0037106,37.5836832
352,공연장,동양아트홀,Dongyang Art Hall&nbsp;,2006,강남구  ,       ,서울시 강남구 논현동 1-3번지 렉스타워 B1,,02-515-6510,http://www.dyarthall.co.kr,127.0206474,37.5162623
353,도서관,동작 상도 국주도서관,,    ,동작구  ,156-830,서울시 동작구 매봉로 37,,"02-813-6750,02-813-6760",http://lib.dongjak.go.kr,126.9509846,37.5068417
354,도서관,동작도서관,,    ,동작구  ,156-806,서울시 동작구 장승배기로 94,,02-823-6417,http://djlib.sen.go.kr,126.9401667,37.5059908
356,도서관,동작어린이도서관,,    ,동작구  ,156-052,서울시 동작구 장승배기로 16길 98,,02-823-6750,http://lib.dongjak.go.kr,126.9434364,37.5092029
359,전시시설,동호갤러리,,    ,종로구  ,110-718,서울시 종로구 인사동7길 12,백상빌딩 B1,02-722-3665,http://www.sac.or.kr,126.9850427,37.5732043
360,공연장,두레홀 3관,Doore Hall 3,2006,종로구  ,       ,서울시 종로구 동숭동 1-78번지 마로니 빌딩 지하,,02-741-5978,,127.0037179,37.5818877
362,공연장,"두레홀 4관(구,아룽구지)",Doore Hall 4,2007,종로구  ,       ,서울시 종로구 동숭동 1-54,,02-741-5978,,127.0028377,37.5827800
364,전시시설,두루아트스페이스,,    ,종로구  ,110-817,서울시 종로구 창의문로 151,,02-720-0345,http://www.lgart.com/Main/LgArtsCenter_Main.aspx,126.9635634,37.5932638
366,공연장,두산아트센터 스페이스111,DooSan Art Center Space 111&nbsp;,    ,종로구  ,       ,서울시 종로구 연지동 270,,02-708-5001,http://www.doosanartcenter.com/,127.0012094,37.5719067
367,공연장,두산아트센터 연강홀,Doosan Art Center Yonkang Hall,    ,종로구  ,       ,서울시 종로구 연지동 270,,02-708-5001~3,http://www.doosanartcenter.com/,127.0012094,37.5719067
369,공연장,드림시어터,DREAM Theater,2012,종로구  ,       ,서울시 종로구 동숭동 1-48 빌리지빌딩 3층 [110-809],,"070-8780-0096,070-8621-0034",,127.0026408,37.5830129
374,공연장,디마떼오홀,Dimatteo,1998,종로구  ,       ,서울시 종로구 동숭동 1-141,,02-747-4444,http://www.m//lee.com,127.0039410,37.5800416
376,공연장,디큐브아트센터,,    ,     ,       ,,,02-2211-3000,http://www.spaceowl.co.kr,,
377,공연장,떼아뜨르추,,    ,마포구  ,       ,서울시 마포구 동교동 358-116,,02-3142-0538~9,,,
379,공연장,라이프씨어터,Life Theater,2008,종로구  ,       ,서울시 종로구 명륜2가 24-1,,070-8151-6416,,127.0010524,37.5839099
381,공연장,라트어린이극장,LATT Children`s Theatre,2002,강남구  ,       ,서울시 강남구 도곡동 514-1,,02-560-0999,http://www.lattct.com,127.0421856,37.4842745
383,공연장,레몬아트홀,Arts Play Theater 2,2007,종로구  ,       ,서울시 종로구 동숭동 1-58,,,,127.0025165,37.5823007
385,공연장,롯데월드 예술극장,Lotteworld Art Theater,1994,송파구  ,       ,서울시 송파구 잠실동 40-1번지,,02-411-0668,http://www.lottearthall.co.kr/,127.0979688,37.5112949
387,공연장,롯데카드 아트센터,LOTTE CARD ART CENTER,2012,마포구  ,       ,서울시 마포구 서교동 490번지 메세나 폴리스 2층 롯데카드 아트센터,,02-6357-0001,,126.9137874,37.5509421
388,공연장,르메이에르소극장,Lemeilleur Theater,2006,종로구  ,       ,서울시 종로구 동숭동 1-145 대학빌딩 지하 1층,,02-747-2232,,127.0041525,37.5807781
390,전시시설,리더스 갤러리수,,    ,종로구  ,110-300,서울시 종로구 인사동5길 21,,02-733-5454,http://www.이해랑예술극장.com/,126.9851772,37.5724528
391,전시시설,리씨갤러리,,    ,종로구  ,110-220,서울시 종로구 팔판길 1-8,,02-3210-0467~8,http://www.cmah.or.kr,126.9805930,37.5826088
392,공연장,마당세실극장,Madang Sesil Theater,1997,종로구  ,       ,서울시 종로구 동숭동 192-18 지하,,02-747-5773,http://cafe.daum.net/mdsdhr,127.0046429,37.5787032
395,공연장,마로니에 극장,marronnier theater,2010,종로구  ,       ,서울시 종로구 동숭동 130-47,,02-764-0686,http://cafe.naver.com/artfactoryshow,127.0045840,37.5805932
397,공연장,마루채,maruchae,2003,종로구  ,       ,서울시 종로구 명륜4가 62번지 공간 마루채,,02-742-7959,http://www.shinmyungnanum.com,126.9997824,37.5826136
398,공연장,마을극장 흰고무신,Village Theater White Rubber Shoes,2018,도봉구  ,01315  ,"서울시 도봉구 시루봉로15마길 13 (방학동, 방학2동 마을극장)",마을극장 흰고무신,02-955-0110,http://blog.naver.com/dobong_art,127.0315601,37.6681389
399,전시시설,마이클슐츠갤러리,,    ,강남구  ,135-955,서울시 강남구 압구정로 461,네이쳐포엠 301호,02-546-7955,http://www.9ro.or.kr,127.0472279,37.5252740
402,도서관,마포구립 서강도서관,,    ,마포구  ,121-881,서울시 마포구 독막로 165,,02-3141-7053,http://sglib.mapo.go.kr,126.9320600,37.5477444
405,공연장,마포아트센터,Mapo Arts Center,2008,마포구  ,       ,서울시 마포구 대흥동 30-3,,02-3274-8600,,126.9455540,37.5499826
409,도서관,마포평생학습관,,    ,마포구  ,121-837,서울시 마포구 홍익로2길 16,,02-2137-0000,http://mpllc.sen.go.kr,126.9242090,37.5543234
410,도서관,마포평생학습관 아현분관,,    ,마포구  ,121-861,서울시 마포구 마포대로 224,,02-362-8785,http://ahyon.sen.go.kr,126.9571988,37.5538448
411,공연장,맛있는 극장,,2010,종로구  ,       ,서울시 종로구 혜화동 109-4  지층,,02-821-1084,http://mrent.1step.co.kr/,127.0007592,37.5862396
413,공연장,메모리아트홀,Memory ArtHall,2009,종로구  ,       ,서울시 종로구 동숭동 50-24 지하1층,,02-764-1002,,127.0042885,37.5817638
414,공연장,메사고릴라크루전용관(메사팝콘홀),,    ,중구   ,       ,서울시 중구 회현동 1가 204번지 10~12층,,02-318-8351~2,,126.9796241,37.5603926
416,전시시설,명갤러리,,    ,종로구  ,110-300,서울시 종로구 인사동길 28-1,3층,02-720-4716,http://www.cmah.or.kr,126.9861251,37.5732916
417,공연장,명동 해치홀,HAECHIHALL,2008,중구   ,       ,서울시 중구 명동2가 31-1 M플라자 빌딩 5층,,02-727-3251,http://www.haechihall.net,126.9851547,37.5625099
418,공연장,명동난타극장(구.명동아트센터),Myeong Dong Art Center,    ,중구   ,       ,서울시 중구 명동2가 50-14,,02-318-6004,,126.9837653,37.5634692
420,공연장,명동예술극장,MYEONGDONG THEATER,2009,종로구  ,       ,서울시 종로구 명동 1가 54,,02-1644-2003,http://www.MDtheater.or.kr/,,
422,전시시설,모인화랑,,    ,종로구  ,110-300,서울시 종로구 인사동10길 13,청아빌딩 2층,"02-739-9292,9291",http://www.coextheaters.com/kor/main.asp,126.9857345,37.5743587
424,전시시설,목금토갤러리,,    ,종로구  ,110-809,서울시 종로구 마로니에길 33,"대학로 문화공간 3,4층",02-764-0700,http://www.ligarthall.com/,,
425,공연장,목동 브로드홀,Broad Hall,    ,양천구  ,       ,서울시 양천구 목동 923-5,,02-2647-8175,,126.8715159,37.5269759
428,도서관,목마작은도서관,,    ,양천구  ,158-879,서울시 양천구 목동동로 407-2,,02-2652-8910,http://www.youth1318.or.kr,126.8822137,37.5367263
429,도서관,문래정보문화도서관,,    ,영등포구 ,150-093,서울시 영등포구 문래로20길 49,,02-2629-8600,http://www.mllib.or.kr,126.8908871,37.5169513
431,공연장,문화공간 가치,cultural space value,2020,도봉구  ,01448  ,서울시 도봉구 도봉로109길 11 (쌍문동),2층,02-999-8845,http://blog.naver.com/dobong_art,127.0326227,37.6466732
432,공연장,문화공간 아리,,2009,종로구  ,       ,서울시 종로구 혜화동 10-18 지하1층,,,,126.9994461,37.5895767
434,공연장,문화공간엘림홀,Culture Space Ellim Hall,2007,종로구  ,       ,서울시 종로구 동숭동 195- 6(110-810),,02-766-7462,http://www.ds.or.kr,127.0047888,37.5794029
435,공연장,문화일보갤러리,MUNHWAILBO GALLERY,1995,중구   ,       ,서울시 중구 충정로 1가 68,,02-3701-5755,http://gallery.munhwa.co.kr,126.9687005,37.5671139
436,공연장,문화일보홀,Munhwailbo Hall&nbsp;,1995,중구   ,       ,서울시 중구 충정로1가 68 문화일보 홀,,02-3701-5754,http://hall.munhwa.com,126.9687005,37.5671139
438,공연장,문화정원아트홀,MUN HWA JEONG WON Aat Hall,2015,금천구  ,08523  ,서울시 금천구 가산로 61 (독산동),지하 1층,02-839-1155,http://www.cgarthall.co.kr/xe/,126.8960345,37.4718121
439,전시시설,물파스페이스,,    ,종로구  ,110-170,서울시 종로구 인사동9길 27,가야빌딩 1층,02-739-1997~8,http://www.sangsangarthall.com/,126.9838585,37.5729779
440,공연장,뮤디스홀,MUDIZ HALL,2006,종로구  ,       ,서울시 종로구 동숭동 1-57,,02-742-3894,http://http://cafe.naver.com/mudizhall,127.0024460,37.5825086
441,공연장,미라클씨어터 1관,Miracle Theater 1,2005,종로구  ,       ,서울시 종로구 동숭동 1-145 대학빌딩,,02-742-7261~2,http://http://www.artpama.co.kr,127.0041525,37.5807781
442,공연장,미라클씨어터 2관,Miracle Theater 2,2006,종로구  ,       ,서울시 종로구 동숭동 1-145 대학빌딩,,02-742-7261~2,http://http://www.artpama.co.kr,127.0041525,37.5807781
444,공연장,미마지아트센터 눈빛극장,,2009,종로구  ,       ,서울시 종로구 명륜1가 36-13,,02-6404-5005,http://http://www.mimagi.com,126.9997906,37.5871161
445,공연장,미마지아트센터 물빛극장,,2003,종로구  ,       ,서울시 종로구 동숭동 1-133,,02-6404-5005,,127.0035037,37.5803256
447,공연장,미마지아트센터 풀빛극장,,2009,종로구  ,       ,서울시 종로구 동숭동 1-133,,02-6404-5005,http://http://www.mimagi.com,127.0035037,37.5803256
449,미술관,밀알미술관,,    ,강남구  ,135-230,서울시 강남구 일원로 90,,02-3412-0061,http://www.gwanakcullib.seoul.kr,127.0823399,37.4860906
451,공연장,바다씨어터,Bada Theater,2008,종로구  ,       ,서울시 종로구 명륜4가 16-1,,02-742-0609,,127.0009987,37.5831511
453,공연장,바탕골소극장,,    ,종로구  ,       ,서울시 종로구 동숭동 1-60 5층,,1588-4446,,127.0025685,37.5818985
454,전시시설,박여숙화랑,,    ,강남구  ,135-955,서울시 강남구 압구정로 461,네이쳐포엠빌딩 3층,02-549-7575,http://www.happykd.or.kr,127.0472279,37.5252740
455,전시시설,박영덕화랑,,    ,강남구  ,135-954,서울시 강남구 압구정로 72길 12,갤러리빌딩 B2,02-544-8481~2,http://www.hwawon.org,127.0449095,37.5256998
462,공연장,배고파 씨어터,,    ,종로구  ,       ,서울시 종로구 동숭동 128-16,,,,127.0043512,37.5811204
463,전시시설,백송화랑,,    ,종로구  ,110-300,서울시 종로구 인사동길 31-8,광능빌딩 1층,02-730-5824,,126.9853141,37.5733088
464,공연장,백암아트홀,Baekam Art Hall&nbsp;,2004,강남구  ,       ,서울시 강남구 삼성동 170-5,,02-559-1333,http://www.baekamhall.com/index.php,127.0659307,37.5105454
468,도서관,법원도서관,,    ,서초구  ,137-750,서울시 서초구 서초대로 219,,02-3480-1584~5,,127.0051584,37.4926457
471,전시시설,본화랑,,    ,종로구  ,110-200,서울시 종로구 삼청로2길 37-2,,02-732-2366~7,http://www.yegam.com/jump/kor/,126.9812871,37.5799640
476,미술관,북촌미술관,,    ,종로구  ,110-260,서울시 종로구 북촌로7길 4,,02-741-2296,http://www.bukchonartmuseum.com,126.9846078,37.5799996
477,공연장,북촌아트홀,Bukchon Art Hall,2010,종로구  ,       ,서울시 종로구 원서동 157-1번지,,02-988-2258,http://www.bukchonarthall.co.kr,126.9889789,37.5789628
480,공연장,브로드웨이아트홀 1관,Chang Jo Concert Hall 1,2007,종로구  ,       ,서울시 종로구 혜화동 185번지 중원빌딩 6층,,02-747-7001,http://www.changjo1.co.kr,127.0021698,37.5839746
481,공연장,브로드웨이아트홀 2관,Brodway Art Hall 2,2007,종로구  ,       ,서울시 종로구 혜화동 185번지 중원빌딩 6층,,02-747-7001,,127.0021698,37.5839746
483,공연장,블러섬랜드,blossomland,2007,마포구  ,       ,서울시 마포구 서교동 403-1 4층,,,http://www.kokdumuseum.com,126.9208485,37.5501108
484,공연장,블루스퀘어 삼성전자홀,BLUE SQUARE,2011,용산구  ,       ,서울시 용산구 한남동 727-56,,1544-1591,http://www.groundsyn.co.kr,127.0026619,37.5407077
485,공연장,블루스퀘어 삼성카드홀,BLUE SQUARE,2011,용산구  ,       ,서울시 용산구 한남동 727-56,,1544-1591,,127.0026619,37.5407077
487,전시시설,빛갤러리,,    ,종로구  ,110-200,서울시 종로구 북촌로5길 84,인곡빌딩 B1,02-720-2250,http://www.yegam.com/breakout/KOR/index.asp,126.9804205,37.5801202
488,공연장,빛과 소리아트홀,,    ,     ,       ,,,02-2637-0315,,,
489,공연장,쁘티첼씨어터 (구. 컬처스페이스 엔유),,2010,종로구  ,       ,서울시 종로구 동숭동 1-144번지,,02-3415-6789,http://www.culturespacenu.com,127.0039629,37.5807800
490,공연장,사.춤전용관,Sa-Choom Theater,    ,종로구  ,       ,서울시 종로구 낙원동 284-6 낙원빌딩 5층 502호,,"02-3676-7616,7617",http://www.lovedance.co.kr/main.php,126.9878024,37.5725833
494,도서관,사립명성교회도서관,,    ,강동구  ,134-830,서울시 강동구 상암로 51길 8,,02-440-9140~4,http://www.gallerydam.com,127.1462746,37.5468946
495,미술관,사비나미술관,,    ,종로구  ,110-240,서울시 종로구 율곡로 49-4,,"02-736-4371,02-736-4410",http://www.savinamuseum.com,126.9845845,37.5765164
496,공연장,산울림소극장,Sanwoollim Theatre&nbsp;,1985,마포구  ,       ,서울시 마포구 서교동 327-9,,"02-334-5915,5925",http://www.sanwoollim.kr/files/index.php,126.9300986,37.5550811
498,공연장,삼각산 문화예술회관,Samgaksan Culture & Art Center,2001,강북구  ,       ,서울시 강북구 가오길 82(수유6동 360-10) (우)142-882,,02-901-6324,http://samgaksan.gangbukcmc.seoul.kr,,
499,미술관,삼성미술관Leeum,,    ,용산구  ,140-893,서울시 용산구 이태원로 55길,,02-2014-6900~1,http://leeum.samsungfoundation.org,,
501,박물관,삼성출판박물관,,    ,종로구  ,110-804,서울시 종로구 비봉길 2-2,,02-394-6544,http://www.ssmop.org,126.9570927,37.6087111
502,공연장,삼일로창고극장,Changgo Theatre,    ,중구   ,       ,서울시 중구 저동1가 1-20,,02-319-8020,,126.9882299,37.5647570
506,공연장,삼형제극장(대학로),.,2009,종로구  ,       ,서울시 종로구 동숭동 199-33 2F,,02-6326-1333,,127.0046424,37.5785108
510,공연장,상명아트센터 계당홀,sangmyung art center,2009,종로구  ,       ,서울시 종로구 홍지동 7 상명아트센터 U B204,,02-2287-7186~7,http://www.smarts.or.kr,126.9550393,37.6028366
511,공연장,상명아트센터 콘서트홀,sangmyung art center,2009,종로구  ,       ,서울시 종로구 홍지동 7 상명아트센터 U B204,,02-2287-7186~7,http://www.smarts.or.kr,126.9550393,37.6028366
512,공연장,상명아트홀 1관,Sang Myung Art Hall 1,2004,종로구  ,       ,서울시 종로구 동숭동 1-38 상명대학교 동숭캠퍼스 예술?디자인 센터 (우) 110-510,,02-744-1394,http://and.smu.ac.kr,127.0027294,37.5833598
513,공연장,상명아트홀 2관,Sang Myung Art Hall 2,2004,종로구  ,       ,서울시 종로구 동숭동 1-38 상명대학교 동숭캠퍼스 예술?디자인 센터 (우) 110-510,,02-744-1394,http://and.smu.ac.kr,127.0027294,37.5833598
515,공연장,상상아트홀 블루관,Sang Sang Blue Art Hall,1991,종로구  ,       ,서울시 종로구 동숭동 1-42,,02-747-7491,,127.0032958,37.5833060
516,공연장,상상아트홀 화이트관,Sang Sang White Art Hall,2004,종로구  ,       ,서울시 종로구 동숭동 1-42,,02-747-7492,,127.0032958,37.5833060
518,미술관,상원미술관,,    ,종로구  ,110-848,서울시 종로구 평창 31길 27,,02-396-3185,http://www.imageroot.co.kr,126.9765759,37.6116422
519,공연장,샘터파랑새극장 1관,Samtoh Bluebird Theater 1,1984,종로구  ,       ,서울시 종로구 동숭동 1-115,,"02-747-2070,02-747-2090",http://http://www.isamtoh.com,127.0023389,37.5815533
520,공연장,샘터파랑새극장 2관,Samtoh Bluebird Theater 2,2007,종로구  ,       ,서울시 종로구 동숭동 1-115,,"02-747-2070,02-747-2090",http://http://www.isamtoh.com,127.0023389,37.5815533
522,전시시설,샘터화랑,,    ,서초구  ,137-044,서울시 서초구 고무래로8길 4,,02-514-5122,http://www.galeriebhak.com,127.0103279,37.5026663
524,공연장,샤론홀,Sharon Hall,2018,서초구  ,06656  ,"서울시 서초구 서초대로40길 49 (서초동, 라이프재단 빌딩)",지하 1층,070-7696-6381,http://blog.naver.com/familyfolder,127.0082201,37.4894565
525,공연장,샤롯데씨어터,Charlotte Theater&nbsp;,2006,송파구  ,       ,서울시 송파구 잠실동 40-1,,"02-411-5011,1644-0078",http://www.charlottetheater.co.kr/,127.0979688,37.5112949
527,공연장,서강대학교 메리홀 소극장,,1970,마포구  ,       ,서울시 마포구 신수동 1번지,,02-705-8743,http://www.e-stc.or.kr,126.9392938,37.5512268
528,공연장,서강대학교 메리홀(대극장),Sogang University Mary Hall,1970,마포구  ,       ,서울시 마포구 신수동 1번지,,02-705-8743,http://maryhall.sogang.ac.kr/,126.9392938,37.5512268
530,공연장,서교스퀘어,Seogyo Square,2020,마포구  ,04044  ,서울시 마포구 양화로 72 (서교동),서교 효성해링턴타워 B1-B2,02-6351-7533,https://www.seogyocenter.or.kr,126.9167159,37.5508021
531,도서관,서대문구 이진아기념도서관,,    ,서대문구 ,120-080,서울시 서대문구 독립문공원길 80,,02-360-8600~3,http://www.dobongsiseol.or.kr,126.9555345,37.5730503
532,도서관,서대문도서관,,    ,서대문구 ,120-823,서울시 서대문구 모래내로 412,,02-6948-2119,http://www.youthcenter.or.kr,126.9408496,37.5834154
535,공연장,서대문문화회관,Seodaemun-gu Culture Facilities,1992,서대문구 ,       ,서울시 서대문구 백련사길 19 (홍은3동 산26-155번지) 서대문문화회관,,02-360-8551,http://www.hanpac.or.kr,,
537,공연장,서대문아트홀,,2009,서대문구 ,       ,서울시 서대문구 미근동 163번지,,02-362-3820,http://www.sdmarthall.com,126.9667991,37.5651794
540,공연장,서연아트홀,,2013,종로구  ,       ,서울시 종로구 명륜2가 21-10,,02-747-2151,http://www.hongsa.co.kr,127.0005825,37.5839131
542,공연장,서완소극장,SeowanTheater,2009,종로구  ,       ,서울시 종로구 명륜2가 21-23 한양빌딩 B1,,02-926-4937,,127.0004437,37.5842126
544,도서관,서울고덕평생학습관,,    ,강동구  ,134-804,서울시 강동구 고덕로 295,,02-6902-2631,http://www.gaainart.com,127.1580110,37.5561244
545,공연장,서울교육문화회관 대극장,Seoul KyoYuk MunHwa HoeKwan,    ,서초구  ,       ,서울시 서초구 양재동 202번지,,02-571-8100,http://www.temf.co.kr/index.aspx,127.0328208,37.4667824
547,박물관,서울교육박물관,,    ,종로구  ,110-210,서울시 종로구 북촌로5길 48,,02-736-2859,http://www.edumuseum.seoul.kr,126.9829524,37.5810398
548,공연장,서울남산국악당,Seoul Namsan Treditional Theater,2007,중구   ,       ,서울시 중구 필동 2가 84-1호 남산골 한옥마을내 서울남산국악당,,02-2261-0512~5,http://www.sejongpac.ok.kr,126.9939930,37.5583815
553,전시시설,서울대학교미술관,,    ,관악구  ,151-742,서울시 관악구 관악로 1,서울대학교 미술관,02-880-9504~5,http://www.hakgojae.com,126.9522394,37.4640070
554,도서관,서울도서관,,    ,중구   ,100-744,서울시 중구 세종대로 110,,02-120,http://www.lottearthall.co.kr/,126.9783882,37.5666103
555,공연장,서울미동초등학교체육관,,    ,서대문구 ,       ,서울시 서대문구 충정로동 29 (미근동 36)번지 ,,02-364-6524 ,http://www.smidong.es.kr/doum/index.jsp,,
557,미술관,서울시립미술관,,    ,중구   ,100-813,서울시 중구 덕수궁길 61,,"02-120,02-2124-8817",http://samgaksan.gangbukcmc.seoul.kr,126.9736800,37.5641111
558,도서관,서울시립어린이도서관,,    ,종로구  ,110-054,서울시 종로구 사직로 9길 7,,"02-731-2300,02-731-2310,02-731-2320",http://childlib.sen.go.kr,126.9678698,37.5765345
560,박물관,서울역사박물관,,    ,종로구  ,110-062,서울시 종로구 새문안로 55,,02-724-0114,http://www.museum.seoul.kr,126.9704375,37.5701434
561,공연장,서울연극센터,Seoul Theater Center,2007,종로구  ,       ,서울시 종로구 명륜4가 1번지,,02-743-9333,http://www.e-stc.or.kr,127.0013254,37.5834167
562,공연장,서울열린극장 창동,Seoul Open Theater CHANG DONG,    ,도봉구  ,       ,서울시 도봉구 창동 1-6,,02-994-1465,http://www.sotc.or.kr,127.0507544,37.6581769
563,공연장,서울월드컵경기장 마당놀이전용극장,,2009,마포구  ,       ,서울시 마포구 성산동 서울월드컵경기장 북측광장 마당놀이전용극장,,02-747-5161,http://www.madangnori.co.kr,,
565,공연장,서울점프전용극장,,2012,종로구  ,       ,서울시 종로구 관수동 59-7,,02-722-3995,,126.9917978,37.5698014
566,도서관,서울중구구립도서관,,    ,중구   ,100-834,서울시 중구 동호로14길 18,,02-2280-8470~1,http://www.lattct.com,127.0108293,37.5564238
568,공연장,서울패션아트홀,Seoul Fashion & Art Hall,    ,중구   ,       ,서울시 중구 신당동 251-7번지 서울패션센터 5층,,02-3670-4567,,127.0121131,37.5671837
569,공연장,서울퍼포밍아트홀,Seoul Performing Arts Hall,    ,마포구  ,       ,서울시 마포구 대흥동 30-3,,02-3274-8500,,126.9455540,37.5499826
570,공연장,서울호서아트홀 (구 클막시어터),,2009,종로구  ,       ,서울시 종로구 혜화동 143-2 유니로드빌딩 5층,,02-766-7598,,127.0011806,37.5844997
572,공연장,서초구민회관,Seocho Hall,1988,서초구  ,       ,서울시 서초구 양재동 25,,02-570-6550,http://gumin.seocho.go.kr,127.0358300,37.4816951
575,공연장,서커스싸구려관람석,,    ,종로구  ,       ,서울시 종로구 명륜4가 154-3 지하,,,,126.9997972,37.5820240
576,공연장,선돌극장,Sundol Theatre,2007,종로구  ,       ,서울시 종로구 명륜1가 46-11,,02-747-3226,,126.9997687,37.5868343
577,도서관,선유정보문화도서관,,    ,영등포구 ,150-103,서울시 영등포구 선유로 43가길 10-8,,02-2163-0800,http://www.sylib.or.kr,126.8929576,37.5333431
579,전시시설,선화랑,,    ,종로구  ,110-290,서울시 종로구 인사동 184,,02-734-0458,http://cyber.kepco.co.kr/artcenter/main/main.jsp,126.9857199,37.5729493
581,공연장,설치극장정미소,Theatre Jungmiso,2002,종로구  ,       ,서울시 종로구 동숭동 199-17 객석B/D,,02-3673-2001,http://www.jungmiso.com,127.0047288,37.5782411
582,미술관,성곡미술관,,    ,종로구  ,110-062,서울시 종로구 신문로2가 1-101,,02-737-7650,http://www.sungkokmuseum.com,126.9698606,37.5735532
584,공연장,성균관대학교 새천년홀,New Millenium Hall,1997,종로구  ,       ,서울시 종로구 명륜3가 53번지 성균관대학교 600주년기념관 B2F 새천년홀,,"02-760-1066~1068,02-760-1112",,126.9957415,37.5858106
585,공연장,성균소극장,Sungkyun Theater,2006,종로구  ,       ,서울시 종로구 명륜2가 149번지,,02-747-5035,http://cafe.naver.com/sktheater.cafe,126.9979936,37.5841545
588,도서관,성동구립 금호도서관,,    ,성동구  ,133-801,서울시 성동구 난계로 20,,02-2204-6450,http://www.galleryyeh.com,127.0248880,37.5540580
589,도서관,성동구립 무지개도서관,,    ,성동구  ,133-701,서울시 성동구 고산자로 270,,02-2286-6025,http://www.youthnaroo.or.kr,127.0368210,37.5634560
590,도서관,성동구립 용답도서관,,    ,성동구  ,133-849,서울시 성동구 용답 중앙3길 10,,02-2204-6470,http://www.sscmc.or.kr/culture1,127.0513143,37.5667030
591,도서관,성동구립도서관,,    ,성동구  ,133-070,서울시 성동구 고산자로 10길 9,,02-2204-6420,http://www.mycc.or.kr,127.0349875,37.5592667
593,공연장,성동문화회관 소월아트홀,Sowol Art Hall,2006,성동구  ,       ,서울시 성동구 행당동 142-16,,02-2292-6400,http://sowol.sdmc.go.kr,127.0361267,37.5593698
599,미술관,성북구립미술관,,    ,성북구  ,136-823,서울시 성북구 성북로 134,,02-6925-5011,http://www.woomyun.or.kr,126.9948995,37.5948290
601,공연장,성북동비둘기 연극실험실 “일상지하”,SB theatre lab,2010,성북구  ,       ,서울시 성북구 성북동 100-1번지 지하,,02-766-1774,,126.9972209,37.5930865
603,도서관,성북정보도서관,,    ,성북구  ,136-120,서울시 성북구 화랑로 18자길 13,,02-962-1081,http://www.gugak.go.kr,127.0505921,37.6049207
607,공연장,성수아트홀,SungSu ArtHall,2012,성동구  ,       ,서울시 성동구 성수동1가 656-323,,02-2204-7574,,127.0469819,37.5454314
610,공연장,세실극장,Cecil Theater,1976,중구   ,       ,서울시 중구 정동 3-7번지,,02-736-7600,http://www.ceciltheater.com/theater/intro.htm,126.9759667,37.5668185
612,공연장,세실아트홀,Cecil Art Hall,1995,강남구  ,06023  ,서울시 강남구 언주로173길 20 (신사동),"B1, 1F",02-543-6752,https://www.cecil.co.kr,127.0318576,37.5281350
613,전시시설,세오갤러리,,    ,서초구  ,137-872,서울시 서초구 반포대로 94,남양빌딩 5층,02-583-5612,,127.0096019,37.4887183
614,공연장,세우아트센터,Sewoo Art Center,2002,종로구  ,       ,서울시 종로구 동숭동 1-86번지 세우아트센터 지하 1층,,02-501-6367,http://www.sewooartcenter.com,127.0039755,37.5819611
615,공연장,세익스피어 극장,Shakespeare Theater,2008,종로구  ,       ,서울시 종로구 동숭동 1-147,,02-766-9007,http://cafe.naver.com/spthater.cafe,127.0042009,37.5805399
619,공연장,세종문화회관 M씨어터,Sejong M Theater,1978,종로구  ,       ,서울시 종로구 세종로 81-3,,02-399-1111,http://www.sejongpac.or.kr,126.9759345,37.5722514
620,공연장,세종문화회관 대극장,Sejong Center,1978,종로구  ,       ,서울시 종로구 세종로 81-3,,02-399-1111,http://www.sejongpac.or.kr,126.9759345,37.5722514
621,전시시설,세종화랑,,    ,종로구  ,110-300,서울시 종로구 인사동길 39,성지빌딩 4층,02-722-2211,http://www.fec.or.kr/,126.9849791,37.5738112
622,공연장,소극장 가변,,2006,성북구  ,       ,서울시 성북구 삼선3가 5-2 지하 1층,,02-747-8573,http://www.gabyun.com/,,
623,공연장,소극장 극단적인 사람들,,    ,종로구  ,       ,서울시 종로구 명륜2가 8-29 2층,,070-4218-2964,,126.9999651,37.5844388
626,공연장,소극장 다르게놀자(구.손가락놀이극장),Theater Dareuge Nolja,1999,종로구  ,       ,서울시 종로구 동숭동 1-153,,02-747-4222,http://http://www.songarak.co.kr,127.0042423,37.5800064
627,공연장,소극장 시월,,    ,종로구  ,       ,서울시 종로구 동숭동 1-47 연경빌딩,,,,127.0024153,37.5829685
630,공연장,소극장축제,,2003,종로구  ,       ,서울시 종로구 명륜4가 111-2,,02-765-5625~6,,127.0008540,37.5818576
631,공연장,소극장피카소,Theater Picaso,2008,종로구  ,       ,서울시 종로구 명륜4가 69-1 소극장 피카소,,02-3672-7971,,127.0006524,37.5827031
633,미술관,소마미술관,,    ,송파구  ,138-749,서울시 송파구 올림픽로 424,,02-425-1077,http://www.jangwi.or.kr,127.1229590,37.5209340
634,공연장,소울소극장,,2009,종로구  ,       ,서울시 종로구 혜화동 188번지 지층,,02-747-0414,,127.0021426,37.5837484
635,도서관,솔샘문화정보도서관,,    ,강북구  ,142-100,서울시 강북구 솔샘로 177,,02-944-3152,http://www.sejul.com,127.0125125,37.6204620
636,전시시설,송아트갤러리,,    ,서초구  ,137-921,서울시 서초구 서초중앙로 188,아크로비스타 지하 A-133,02-3482-7096,,127.0130325,37.4986700
637,도서관,송중문화정보도서관,,    ,강북구  ,142-809,서울시 강북구 도봉로 20나길 6,,02-944-3160~1,http://www.artwoolim.com,127.0299693,37.6183091
638,도서관,송파도서관,,    ,송파구  ,138-857,서울시 송파구 동남로 263,,02-404-7917,http://www.lifelineseoul.or.kr,127.1348396,37.4999933
639,공연장,송파문화원,Songpa Cultural Center,1994,송파구  ,       ,서울시 송파구 잠실동84번지(138-220),,02-414-0354,http://www.spcc.or.kr,127.0764225,37.5102638
641,도서관,송파어린이도서관,,    ,송파구  ,138-908,서울시 송파구 올림픽로 105,,02-418-0303,http://www.ewolgok.or.kr,127.0824769,37.5121298
648,도서관,수유문화정보도서관,,    ,강북구  ,142-070,서울시 강북구 삼양로 299,,02-944-3170~6,http://www.artside.org,127.0176014,37.6300865
649,전시시설,수화랑,,    ,강남구  ,135-732,서울시 강남구 테헤란로 521,인터컨티넨탈호텔 1층,02-518-5885,http://www.guro1318.org,127.0608688,37.5095450
650,공연장,숙명아트센터 - 씨어터S,Sookmyung Art Center - Theater S,2008,용산구  ,       ,서울시 용산구 청마동 2가 53-12 숙명여자대학교 르네상스플라자 B205,,02-715-6358,http://www.smuac.co.kr,,
651,전시시설,숙명여자대학교 문신미술관,,    ,용산구  ,140-742,서울시 용산구 효창원길 52,,02-710-9280,http://www.moonshin.or.kr,,
653,공연장,쉐라톤 그랜드 워커힐호텔 워커힐씨어터,Sheraton Grand Walkerhill Hotel Walkerhill Theatre,2008,광진구  ,       ,서울시 광진구 아차성길 175(광장동 산21) 쉐라톤 그랜드 워커힐,,02-455-5000,http://www.sheratonwalkerhill.co.kr,,
654,공연장,슈퍼맨아트홀,SupermanArtHall,2012,마포구  ,       ,서울시 마포구 서교동 394-44 서교제일빌딩 지하,,,http://cafe.daum.net/mdsdhr,126.9157922,37.5503235
655,공연장,스카이씨어터,Sky Theatre,2010,종로구  ,       ,서울시 종로구 동숭동 1-48 6층,,070-4106-8889,,127.0026408,37.5830129
656,공연장,스타시티 IM스테이지,Starcity IM Stage,2007,종로구  ,       ,서울시 종로구 명륜4가 113-1 스타시티 빌딩,,02-747-9139,http://www.sejongpac.ok.kr,127.0004837,37.5820867
657,공연장,스타시티 TM스테이지,Starcity TM Stage,2007,종로구  ,       ,서울시 종로구 명륜4가 113-1 스타시티 빌딩,,02-747-9139,http://http://www.arthallstarcity.com,127.0004837,37.5820867
658,공연장,스튜디오 동숭무대,Studio Dongsung Stage,2008,강북구  ,       ,서울시 강북구 미아5동 482-2  (142-105),,02-941-7042,http://cafe.naver.com/naonculture,127.0284323,37.6126386
659,전시시설,스페이스선+,,    ,종로구  ,110-220,서울시 종로구 삼청로 75-1,,02-732-0732,http://www.coex.co.kr/,126.9814667,37.5821944
660,공연장,시네마 정동 1관,Cinema Jeongdong 1,2000,중구   ,       ,서울시 중구 정동 스타식스 정동 아트홀,,02-778-9817,http://cafe.daum.net/artspaceseoul,,
661,공연장,시네코아 비밥 전용관,CINECORE BIBAP THEATRE,2012,종로구  ,       ,서울시 종로구 삼일대로 386 (관철동 33-1),,02-766-0815,,126.9881159,37.5689521
667,공연장,신도림 테크노마트 프라임아트홀,Prime Art Hall,2007,구로구  ,       ,서울시 구로구 구로5동3-25,,02-2102-4909,http://www.primeenter.co.kr,126.8903511,37.5069878
673,도서관,신월디지털정보도서관,,    ,양천구  ,158-832,서울시 양천구 오목로5길 34,,02-2065-1260~4,http://www.yangcheonart.go.kr,126.8401341,37.5246218
677,공연장,신촌문화발전소,Shinchon Arts Space,2018,서대문구 ,03777  ,서울시 서대문구 연세로2나길 57 (창천동),신촌문화발전소,02-330-4393,https://scas.or.kr,126.9398112,37.5579687
684,공연장,썬프라자아트홀,Sunplaza Art Hall,1996,영등포구 ,       ,서울시 영등포구 대림동 909-2 (썬프라자백화점) 2층,,02-833-3100,http://www.wooripp.co.kr,126.9080788,37.4964627
685,공연장,씨어터 송,Theatre Song,2013,서초구  ,       ,서울시 서초구 법원로 3길 22 영인빌딩 B1,,070-8843-0088,http://www.arts-play.co.kr,127.0082864,37.4932282
687,공연장,씨어터디아더,Theater TheOther,2005,종로구  ,       ,서울시 종로구 동숭동 1-132,,02-742-1602,,127.0034992,37.5801274
688,공연장,씨어터바 꿈꾸다,Theater Bar Dreaming,2010,종로구  ,       ,서울시 종로구 명륜2가 33번지 B1층,,070-8639-0688,,127.0004585,37.5836134
689,공연장,씽크아트홀,Think Art Hall,2005,서초구  ,       ,서울시 서초구 반포동 센트럴시티 파미에파크 2F 씽크타운,,02-6282-5777,http://www.thinktown.co.kr,,
690,전시시설,아라리오서울,,    ,강남구  ,135-100,서울시 강남구 도산대로 75길 22,,02-541-5701,http://www.chungdam.or.kr,127.0458892,37.5256238
691,미술관,아르코미술관,,    ,종로구  ,110-809,서울시 종로구 동숭길 3,,02-760-4850~3,http://www.arkoartcenter.or.kr,127.0032407,37.5805409
693,공연장,아르코예술극장 대극장,Arko Arts Theater,1981,종로구  ,       ,서울시 종로구 동숭동 1-111,,02-3668-0007,http://www.hanpac.or.kr,127.0029693,37.5812004
694,공연장,아르코예술극장 소극장,Arko Arts Theater : Small Theater,1981,종로구  ,       ,서울시 종로구 동숭동 1-111,,02-3668-0007,http://www.hanpac.or.kr,127.0029693,37.5812004
695,공연장,아름다운 극장,Beautiful Theater,2008,종로구  ,       ,서울시 종로구 명륜2가 8-9,,02-946-0502,http://www.kdbt.net,127.0000334,37.5847132
697,공연장,아리랑소극장,Arirang Theater,1996,종로구  ,       ,서울시 종로구 동숭동 1 - 153 번지,,02-741-5332,http://www.arirangv.co.kr,127.0042423,37.5800064
698,공연장,아리랑아트홀,Arirang Art Hall,1998,성북구  ,       ,서울시 성북구 돈암동 51-49호,,02-942-0635,http://cafe.daum.net/arirangart,127.0214480,37.5978006
699,도서관,아리랑정보도서관,,    ,성북구  ,136-891,서울시 성북구 아리랑로 82,,02-3291-4990,http://www.yangjaewc.or.kr,127.0138936,37.6001189
700,전시시설,아소갤러리,,    ,강남구  ,135-732,서울시 강남구 테헤란로 521,인터컨티넨탈호텔 1층H24호,02-558-6430,http://www.gasan.or.kr,127.0608688,37.5095450
702,공연장,아이러브아트홀,EYE LOVE ART HALL,2018,강남구  ,06022  ,서울시 강남구 압구정로32길 30 (신사동),아이러브아트센터 2층,070-5222-3778,http://eyeloveartcenter.com/,127.0297722,37.5257959
703,전시시설,아츠스테이 갤러리,ARTXSTAY Gallery in Mullae,2017,영등포구 ,07299  ,서울시 영등포구 문래동3가 54-43,3F 코워킹 / B1 갤러리,02-2069-1668,,126.8969564,37.5137607
704,전시시설,아츠스테이 시청점,ARTXSTAY Co-working in Cityhall,2018,중구   ,04533  ,"서울시 중구 을지로 지하 12 (을지로1가, 시청광장지하쇼핑센터)","새특 3-1~2, 4-1~7",02-2069-1668,,,
705,공연장,아츠플레이씨어터 1관,Arts Play Theater 1,2007,종로구  ,       ,서울시 종로구 동숭동 1-58,,"02-747-4702,02-594-4205",http://www.arts-play.co.kr,127.0025165,37.5823007
707,전시시설,아카스페이스,,    ,종로구  ,110-778,서울시 종로구 인사동5길 29,태화빌딩 B1,02-725-5757,http://www.cmah.or.kr,126.9848599,37.5719902
710,공연장,"아트센터K 네모극장(구,원더스페이스 네모극장)",Wonder Space Theater(Nemo),2005,종로구  ,       ,서울시 종로구 혜화동 163-24번지 원더스페이스,,02-763-1355,http://www.wonderspace.co.kr,127.0023446,37.5846225
711,공연장,"아트센터K 동그라미극장(구,원더스페이스 동그라미극장)",Wonder Space Theater(Donggeurami),2005,종로구  ,       ,서울시 종로구 혜화동 163-24번지 원더스페이스,,02-763-1355,http://www.wonderspace.co.kr,127.0023446,37.5846225
712,공연장,"아트센터K 세모극장(구,원더스페이스 세모극장)",Wonder Space Theater(Semo),2005,종로구  ,       ,서울시 종로구 혜화동 163-24번지,,02-763-1355,http://www.wonderspace.co.kr,127.0023446,37.5846225
713,미술관,아트센터나비,,    ,종로구  ,110-728,서울시 종로구 종로 26,SK본사빌딩 4층,02-2121-1031,http://www.nabi.or.kr,126.9804525,37.5697097
714,전시시설,아트스페이스풀,,    ,종로구  ,110-803,서울시 종로구 세검정로 9길 91-5,,02-396-4805,,126.9592133,37.6064211
715,공연장,아트씨어터 문,Art Theter Mu:n,2007,종로구  ,       ,서울시 종로구 명륜3가 140-4번지 태연 빌딩 지하 1층.,,02-745-8960,http://http://blog.naver.com/ellip77?Redirect=Log&logNo=60050220660,126.9969592,37.5830700
717,전시시설,아트파크,,    ,종로구  ,110-230,서울시 종로구 삼청로 129,,"02-733-8500,02-3210-2300",http://www.ceciltheater.com/theater/intro.htm,126.9814885,37.5869476
718,전시시설,아트포럼뉴게이트,,    ,종로구  ,110-524,서울시 종로구 대명1길 16-7,,02-517-9013,http://www.forumnewgate.co.kr,127.0003078,37.5829048
719,공연장,아트홀 봄,Art Hall bom,2006,동작구  ,       ,서울시 동작구 대방동 345-1 서울여성플라자 1층 아트홀 봄,,02-810-5084,http://www.artbom.or.kr,126.9271586,37.5115784
720,공연장,아티스탄홀,Artistan Hall,2007,종로구  ,       ,서울시 종로구 동숭동 1-35,,02-786-3134,http://www.artistan.co.kr,127.0020865,37.5831032
723,공연장,알과핵 소극장,Theater Egg & Nucleus,1998,종로구  ,       ,서울시 종로구 동숭동 1-140,,02-745-8833,http://www.eggnuc.com,127.0036860,37.5799382
724,공연장,암사어린이 극장,Amsa Children Theater,    ,강동구  ,       ,서울시 강동구 암사동116-22(암사동 선사유적지 근처),,02-481-8808,http://www.wooripp.co.kr,127.1333842,37.5634657
725,공연장,압구정 로데오 극장,RodeoTheater,2012,강남구  ,       ,서울시 강남구 신사동 657-32 지하 1층,,02-511-1776,http://www.snowdreop2.com,127.0383057,37.5257534
727,공연장,애경아트홀,Aekyung Art Hall,    ,구로구  ,       ,서울시 구로구 구로5동 573번지 애경 백화점 내 5층,,02-861-3337,http://www.aktown.co.kr/branch/guro_11_kids.jsp,126.8828440,37.5011880
729,공연장,양천 문화회관 대극장,YANGCHEON CITY HALL,1998,양천구  ,       ,서울시 양천구 목동서로 367(신정동 322번지),,02-2646-5870,http://www.yangcheonart.go.kr/,126.8632802,37.5164076
730,도서관,양천도서관,,    ,양천구  ,158-055,서울시 양천구 목동서로 113,,02-20623-900,http://www.mcyouth.or.kr,126.8761546,37.5337065
735,전시시설,어반아트,,    ,강남구  ,135-889,서울시 강남구 압구정로12길 51,어반빌딩 3층,02-511-2931,http://www.cyc.or.kr,,
736,공연장,언더스탠드 에비뉴 아트스탠드,UNDER STAND AVENUE ART STAND,2016,성동구  ,04769  ,"서울시 성동구 왕십리로 63 (성수동1가, 언더 스탠드 에비뉴)",언더 스탠드 에비뉴 아트 스탠드,02-812-6008,,127.0435817,37.5435618
737,전시시설,얼갤러리,,    ,강남구  ,135-889,서울시 강남구 압구정로12길 51,어반빌딩 3층,02-516-7573,http://www.youthzone.or.kr,,
738,전시시설,엔비전스,,    ,서대문구 ,120-833,서울시 서대문구 연세로 8-1,"신촌버티고타워 9,10층",02-313-9977,http://www.ydart.co.kr,126.9372977,37.5563313
742,도서관,역삼도서관,,    ,강남구  ,135-936,서울시 강남구 역삼로7길 16,5층,02-508-1139,http://www.hgyouth.or.kr,127.0333574,37.4954841
745,공연장,연극실험실 혜화동1번지,Hyehwa-dong 1st number,1993,종로구  ,       ,서울시 종로구 혜화동 88-1,,,http://www.sorihall.com,127.0013459,37.5863948
746,공연장,연세대학교 노천극장,,2000,서대문구 ,       ,서울시 서대문구 성산로 262 연세대학교 노천극장,,02-2123-3818~9,http://www.ycac.yonsei.ac.kr,126.9192579,37.5674787
748,공연장,연우소극장,Yeonwoo Theater,1987,종로구  ,       ,서울시 종로구 혜화동 53-9 다림빌딩 지하 연우 소극장,,02-744-7090,http://iyeonwoo.co.kr,127.0017455,37.5869955
750,공연장,연진아트홀,Champ Theater,2006,종로구  ,       ,서울시 종로구 동숭동 31-9,,,,127.0052890,37.5803585
752,공연장,열림홀,openhall,2007,종로구  ,       ,서울시 종로구 연지동 136-25 가나의집 B2,,,http://http://cafe.daum.net/openhall153,127.0012358,37.5740594
755,공연장,영등포아트홀,Yeongdeungpo Art Hall,2009,영등포구 ,       ,서울시 영등포구 제물포길 213번지 ,,02-2670-4080 ,http://arthall.ydp.go.kr,,
758,도서관,영등포평생학습관,,    ,영등포구 ,150-808,서울시 영등포구 버드나무로 15길 10,,"02-6712-7505,02-6712-7533~4",http://ydpllc.sen.go.kr,,
762,전시시설,예맥화랑,,    ,강남구  ,135-822,서울시 강남구 강남대로 546,삼양빌딩 B1,02-549-8952~3,,127.0219178,37.5108613
763,전시시설,예성화랑,,    ,종로구  ,110-170,서울시 종로구 인사동9길 31,,02-738-3639,http://www.chongdong.com,126.9836418,37.5729580
764,공연장,예술공간 SM(구.스타시티SM스테이지),Starcity SM Stage,2013,종로구  ,       ,서울시 종로구 명륜4가 113-1 스타시티 빌딩,,02-765-7500,http://http://www.arthallstarcity.com,127.0004837,37.5820867
765,공연장,예술공간 라푸푸,,2012,종로구  ,       ,서울시 종로구 동숭동 26번지 지하,,02-7477-5879,http://cafe.naver.com/lapupuground,127.0040136,37.5830658
766,공연장,예술공간 서울,Art Space Seoul,2012,종로구  ,       ,서울시 종로구 명륜2가 93번지,,02-764-7462,http://cafe.daum.net/artspaceseoul,126.9983131,37.5851262
767,공연장,예술공간 혜화,,    ,종로구  ,       ,서울시 종로구 혜화동 74-38,,02-747-9139,http://http://www.modli.com,127.0004907,37.5866445
769,공연장,예술극장나무와물,Life theater Tree & Water,2003,종로구  ,       ,서울시 종로구 명륜2가 8-1 B1,,02-745-2124,http://www.treeandwater.com,127.0003594,37.5848757
770,공연장,예술나무씨어터,artstree theater,2013,구로구  ,       ,서울시 구로구 구로5동 501 나인스에비뉴 B1 예술나무씨어터,,,,126.8841233,37.4999206
771,공연장,예술마당 1관,Artmadang 1,2005,종로구  ,       ,서울시 종로구 이화동 139번지 예술마당 (110-500),,1599-2117,http://http://artmadang.co.kr,127.0039375,37.5766366
772,공연장,예술마당 2관,Artmadang 2,2005,종로구  ,       ,서울시 종로구 이화동 139번지 예술마당 (110-500),,1599-2117,http://http://artmadang.co.kr,127.0039375,37.5766366
816,공연장,유니플렉스 3관,uni plex,2013,종로구  ,       ,서울시 종로구 대학로 12길 64 복합문화예술공간 유니플렉스,,02-766-2115,,127.0036131,37.5811984
773,공연장,예술마당 3관,Artmadang 3,2005,종로구  ,       ,서울시 종로구 이화동 139번지 예술마당 (110-500),,1599-2117,http://http://artmadang.co.kr,127.0039375,37.5766366
774,공연장,예술마당 4관,Artmadang 4,2005,종로구  ,       ,서울시 종로구 이화동 139번지 예술마당,,1599-2117,http://http://artmadang.co.kr,127.0039375,37.5766366
776,미술관,예술의전당 서예관,,    ,서초구  ,137-718,서울시 서초구 남부순환로 2406,예술의전당內,02-580-1660,,127.0137947,37.4791365
777,공연장,예술의전당 오페라극장,Seoul Arts Center Opera Theater,    ,서초구  ,       ,서울시 서초구 남부순환로 2406,,02-580-1300,http://www.sac.or.kr,127.0137947,37.4791365
778,공연장,예술의전당 자유소극장,Seoul Arts Center Jayu Theater,    ,서초구  ,       ,서울시 서초구 남부순환로 2406,,02-580-1300,http://www.sac.or.kr,127.0137947,37.4791365
779,공연장,예술의전당 제2지하보도,Seoul Arts Center The 2nd Underground passage,1989,서초구  ,       ,서울시 서초구 서초동 1451-95번지,,,,127.0135151,37.4811592
780,공연장,예술의전당 토월극장,Seoul Arts Center Towol Theater,    ,서초구  ,       ,서울시 서초구 남부순환로 2406,,02-580-1300,http://www.sac.or.kr,127.0137947,37.4791365
782,공연장,예스24 스테이지,YES24 STAGE,2019,종로구  ,03086  ,서울시 종로구 대학로12길 21 (동숭동),YES24 STAGE,02-742-9637,https://yes24stage.com/,127.0031717,37.5827315
783,전시시설,예원화랑,,    ,강남구  ,135-998,서울시 강남구 삼성로 319,,02-561-2171,http://www.wolgyelib.kr,127.0597593,37.5003417
784,공연장,예인아트홀,Yein Art Hall,2018,강남구  ,135-956,서울시 강남구 도산대로81길 45 (청담동),예인 아트홀,,,127.0462128,37.5270451
785,전시시설,예화랑,,    ,강남구  ,135-888,서울시 강남구 압구정로 12길 18,,"02-542-5543,02-542-3624",http://www.gongneung.or.kr,,
787,도서관,오류도서관,,    ,구로구  ,152-890,서울시 구로구 경인로19길 29-6,,02-2613-8983,,126.8420879,37.4970809
788,공연장,오아시스극장,Oasis Theatre,2009,종로구  ,       ,서울시 종로구 동숭동 1-133 드라마하우스 3층 오아시스극장,,02-3673-0888,,127.0035037,37.5803256
789,전시시설,오온,ooooon,2022,송파구  ,05561  ,서울시 송파구 백제고분로7길 16-16 (잠실동),4층,0507-1367-2519,http://blog.naver.com/info_ooooon,127.0807314,37.5097858
790,전시시설,오페라갤러리,,    ,강남구  ,135-955,서울시 강남구 압구정로 461,네이처포엠,02-3446-0070,http://www.scyc.or.kr,127.0472279,37.5252740
792,공연장,"올래홀 (구,두레홀 2관)",All Rae Hall,2005,종로구  ,       ,서울시 종로구 동숭동 1-97,,,,127.0035212,37.5816101
794,박물관,옹기민속박물관,,    ,도봉구  ,132-890,서울시 도봉구 삼양로 574-41,,02-900-0900,,127.0139939,37.6541872
795,공연장,용산 랜드 시네마,Land Cinema,2002,용산구  ,       ,서울시 용산구 한강로 3가 16-9 용산전자랜드,,02-707-4960,,126.9597291,37.5328143
796,도서관,용산도서관,,    ,용산구  ,140-899,서울시 용산구 두텁바위로 160,,"02-754-3439,02-754-2569",http://yslib.sen.go.kr,126.9801230,37.5519877
800,공연장,우리금융아트홀,Wooriarthall,2009,송파구  ,       ,서울시 송파구 방이동 88-2 올림픽공원 우리금융아트홀,,02-410-1531,http://www.wooriarthall.or.kr,127.1260599,37.5170261
801,공연장,우림청담씨어터,Woolim Theater,2002,강남구  ,       ,"서울시 강남구 청담동 86외 1. I&H빌딩 지하 2,3층 (학동사거리, 구 키네마 극장)",,02-569-0655,http://www.i-pmc.co.kr,127.0396318,37.5238699
804,공연장,우석레퍼토리극장,Woosuk Repertory Theater,2002,종로구  ,       ,서울시 종로구 동숭동 192-8,,02-765-7501,http://edu.woosuk.ac.kr,127.0051604,37.5792443
805,전시시설,운우판화미술관,,    ,성북구  ,136-821,서울시 성북구 선잠로 12-11,,02-3442-6816,http://www.omni.or.kr/sjs/,126.9998283,37.5948072
807,전시시설,원엔제이갤러리,,    ,종로구  ,110-260,서울시 종로구 북촌로 31-14,,02-745-1644,http://www.warmemo.or.kr/main.jsp,126.9841568,37.5797888
808,도서관,월계문화정보도서관  ,,    ,노원구  ,139-848,서울시 노원구 월계로 319,,02-991-0871~4,,127.0561297,37.6286304
811,공연장,유니버설아트센터,Universal Arts Center,1981,광진구  ,       ,서울시 광진구 능동 25번지,,02-2204-1030,http://www.uac.co.kr/index.asp,127.0873505,37.5504004
814,공연장,유니플렉스 1관,uni plex,2013,종로구  ,       ,서울시 종로구 대학로 12길 64 복합문화예술공간 유니플렉스,,02-766-2115,http://www.kayatheatre.co.kr,127.0036131,37.5811984
815,공연장,유니플렉스 2관,uni plex,2013,종로구  ,       ,서울시 종로구 대학로 12길 64 복합문화예술공간 유니플렉스,,02-766-2115,http://mrent.1step.co.kr/,127.0036131,37.5811984
820,공연장,유시어터,You Theater,1999,강남구  ,       ,서울시 강남구 청담2동 22-13,,02-3444-0651~4,http://www.utheater.co.kr/index.php,127.0402540,37.5230101
822,전시시설,유아트스페이스,,    ,강남구  ,135-956,서울시 강남구 압구정로 71길 10,,02-544-8585,http://www.nharthall.co.kr,127.0458637,37.5273778
823,전시시설,유영공간,Space uooyoung,2020,성북구  ,02836  ,서울시 성북구 성북로16가길 1 (성북동),유영공간,,http://spaceuooyoung.art,127.0003509,37.5939753
824,전시시설,윤갤러리,,    ,종로구  ,110-290,서울시 종로구 인사동4길 9,,02-738-1144,http://www.ewha100.com/,126.9866711,37.5732435
826,공연장,윤당아트홀1관,YOONDANG ARTHALL,2009,강남구  ,       ,서울시 강남구 신사동 634-10번지 윤당빌딩,,02-546-8095~6,http://www.ydart.co.kr/index.html,127.0338863,37.5256482
827,공연장,윤당아트홀2관,YOONDANG ARTHALL,2009,강남구  ,       ,서울시 강남구 신사동 634-10번지 윤당빌딩,,02-546-8095~6,http://www.ydart.co.kr/index.html,127.0338863,37.5256482
828,도서관,은천동 작은 도서관,,    ,관악구  ,151-843,서울시 관악구 봉천로 33나길 30,,02-877-1162~4,,126.9424278,37.4853086
829,도서관,은평구립도서관,,    ,은평구  ,122-042,서울시 은평구 통일로 78가 길 13-84,,02-385-1671~4,http://www.eplib.or.kr,126.9282999,37.6189985
830,공연장,은평문화예술회관,Eun-Pyeong Culture Art Center,1996,은평구  ,       ,서울시 은평구 예술의 길 67번지,,02-350-5201,http://www.theatersh.com,,
835,도서관,응암정보도서관,,    ,은평구  ,122-010,서울시 은평구 가좌로7길 15,,02-308-2320~1,http://www.ealib.or.kr,126.9196962,37.5859709
837,공연장,이랑씨어터,Erang Theater,2000,종로구  ,       ,서울시 종로구 동숭동 187-12(태림빌딩 지하층),,02-766-1717,http://erang.naool.com,127.0042836,37.5797085
839,전시시설,이목화랑,,    ,종로구  ,110-260,서울시 종로구 북촌로 94,,02-514-8888,http://www.yeemockgallery.co.kr,126.9854559,37.5851919
840,전시시설,이엠아트갤러리,,    ,강남구  ,135-948,서울시 강남구 선릉로148길 27,선만빌딩 2층,02-564-1566,,127.0416520,37.5225767
843,전시시설,이형아트센터,,    ,종로구  ,110-300,서울시 종로구 인사동길 34-1,인사아트프라자 4층,02-736-4806,http://www.utheater.co.kr/index.php,126.9856312,37.5738627
844,공연장,이화여고 100주년 기념관,EWHA 100th Memorial Hall,    ,중구   ,       ,서울시 중구 정동 32번지,,02-777-4257~8,http://www.ewha100.com/,126.9713149,37.5658614
846,전시시설,이화익갤러리,,    ,종로구  ,110-180,서울시 종로구 율곡로3길 67,,02-730-7818,http://www.uac.co.kr/index.asp,126.9820375,37.5785740
847,공연장,익스트림씨어터,,2008,종로구  ,       ,서울시 종로구 동숭동 1-33번지 21C빌딩 5층 껌 아트홀,,02-766-2022,http://http://www.ggumart.com,127.0021466,37.5827150
848,공연장,익스트림씨어터 1관,Extreme Theater -1,2012,종로구  ,       ,서울시 종로구 동숭동 1-33 21세기빌딩 5층,,070-8129-7420,http://www.totalmuseum.org,127.0021466,37.5827150
850,공연장,익스트림씨어터 2관,Extreme Theater -2,2012,종로구  ,       ,서울시 종로구 동숭동 1-96번지,,070-8129-7420,http://www.sorihall.com,127.0037139,37.5816082
853,전시시설,인사갤러리,,    ,종로구  ,110-300,서울시 종로구 인사동10길 10,,02-735-2655~6,,126.9856703,37.5739765
854,공연장,인산아트홀(구.로빈아트홀),Insan Art Hall,2007,강남구  ,       ,서울시 강남구 대치동 949-1 코니빌딩 지하1층,,02-569-8576,http://www.gabyun.com,127.0642676,37.5055821
855,공연장,인아소극장,Ina Theater,2004,종로구  ,       ,서울시 종로구 명륜2가 21-10,,02-763-2151,http://cafe.daum.net/inatheater,127.0005825,37.5839131
856,미술관,일민미술관,,    ,종로구  ,110-050,서울시 종로구 세종로 139,,"02-2020-2060,02-2020-2050",http://www.ilmin.org,126.9776734,37.5695546
857,전시시설,일상예술창작센터,,    ,마포구  ,121-865,서울시 마포구 성미산로 26길 29,,"02-325-8553,02-325-8515",http://www.livingnart.or.kr,126.9231866,37.5626151
858,도서관,자양 제4동도서관,,    ,광진구  ,143-845,서울시 광진구 뚝섬로 26길 58,,02-465-0737~8,,127.0662969,37.5341115
860,미술관,자하미술관,,    ,종로구  ,110-819,서울시 종로구 창의문로5가길 46,,02-395-3222,http://www.zahamuseum.com,126.9603188,37.5893759
864,전시시설,장은선갤러리,,    ,종로구  ,110-310,서울시 종로구 인사동10길 23-8,,02-730-3533,http://www.temf.co.kr/index.aspx,126.9861953,37.5747933
865,공연장,전자쌀롱 독각귀홀,jeonja salon dokkakki,2012,용산구  ,       ,서울시 용산구 한강로 3가 16-9 전자랜드 신관 광장층 34호,,070-7405-0759,http://www.ctsarthall.com,126.9597291,37.5328143
866,공연장,전쟁기념관 문화극장,The War Memorial of Korea- Cultural Theater&nbsp;,    ,용산구  ,       ,서울시 용산구 용산동 1가 8번지,,02-322-4111,http://www.warmemo.or.kr/main.jsp,126.9771285,37.5363313
867,공연장,전통연희상설극장 광화문아트홀,Gwanghwamun Art Hall,2007,종로구  ,       ,서울시 종로구 사직동 284-1,,02-722-3416,,126.9646733,37.5742855
868,도서관,정다운 도서관,,    ,강남구  ,135-950,서울시 강남구 학동로 67길 11,청담2문화센터 3층,02-512-9326,http://www.goodneighbors.kr/local/banghwa2,127.0463445,37.5189900
869,도서관,정독도서관,,    ,종로구  ,110-210,서울시 종로구 북촌로 5길 48,,02-2011-5799,http://jdlib.sen.go.kr,126.9829524,37.5810398
871,공연장,정동극장,Chongdong Theater,1995,중구   ,       ,서울시 중구 정동길 41(정동 8-11) (재) 정동극장,,02-751-1500,http://www.chongdong.com,126.9725623,37.5658871
874,공연장,정보소극장,Joungbo Theater,1993,종로구  ,       ,서울시 종로구 동숭동 1-81 지하,,02-3673-0554,http://www.parktc.com,127.0037216,37.5824981
875,전시시설,제로 투 원,0 to 1,2020,마포구  ,03962  ,서울시 마포구 망원동 472-19,연암빌딩 1층,02-3144-3133,,126.9039917,37.5623311
876,공연장,제이에이치(JH) 아트홀,JH Art Hall,2012,종로구  ,       ,서울시 종로구 동숭동 1-50번지 2층,,070-4355-0010,http://http://www.jhplay.co.kr,127.0030548,37.5830151
877,전시시설,조선화랑,,    ,강남구  ,135-090,서울시 강남구 봉은사로 524,코엑스컨벤션센터 2층 110호,02-6000-5880,http://www.arthallstarcity.com,127.0571142,37.5129437
878,전시시설,조현화랑 청담,,    ,강남구  ,135-955,서울시 강남구 압구정로 461,네이쳐포엠 112호,02-3443-6364,,127.0472279,37.5252740
880,도서관,종로도서관,,    ,종로구  ,110-054,서울시 종로구 사직로 9길 15-14,,"02-727-0770,02-737-1707",http://jnlib.sen.go.kr,126.9664576,37.5764744
883,박물관,종이나라박물관,,    ,중구   ,100-391,서울시 중구 장충단로 166,"종이나라빌딩 1,2층",02-2279-7901,,127.0061698,37.5596514
884,전시시설,주영갤러리,,    ,강남구  ,135-517,서울시 강남구 압구정로80길 26,노아빌딩 B1,02-543-1078,,127.0446203,37.5247928
886,도서관,중곡문화체육센터도서관,,    ,광진구  ,143-900,서울시 광진구 능동로433,,02-3408-4900,http://www.e-junggulib.or.kr,127.0849273,37.5678607
888,도서관,중구구립 신당도서관,,    ,중구   ,100-831,서울시 중구 다산로38길 66-35,,02-2280-8490~1,,127.0189503,37.5617847
891,도서관,중랑구립 면목정보도서관,,    ,중랑구  ,131-818,서울시 중랑구 면목로 397,,02-432-4123,http://www.MDtheater.or.kr/,127.0874227,37.5873592
892,도서관,중랑구립정보도서관,,    ,중랑구  ,131-846,서울시 중랑구 신내로15길 197,,02-490-9114,http://www.haechihall.net,127.0869596,37.6153161
893,공연장,중랑구민회관,Jungnang-Gu Hall,2003,중랑구  ,       ,서울시 중랑구 면목4동 378-5,,02-2207-6130,http://www.kdbt.net,127.0853741,37.5735541
899,전시시설,쥴리아나갤러리,,    ,강남구  ,135-954,서울시 강남구 선릉로162길 25,,02-514-4266~7,,127.0426553,37.5266680
900,박물관,지구촌 민속교육박물관,,    ,중구   ,100-873,서울시 중구 소파로 46,"교육연구정보원 2,3 층",02-3111-210,http://gumin.seocho.go.kr,126.9812004,37.5545763
901,공연장,지즐소극장,Stage Hwanhui,2007,종로구  ,       ,서울시 종로구 명륜2가 8-16,,02-743-1974,,126.9996944,37.5847350
903,전시시설,진화랑.진아트센터,,    ,종로구  ,110-040,서울시 종로구 효자로 25,,02-738-7570,http://www.wooripp.co.kr,126.9736798,37.5783350
905,공연장,창동문화체육센터,Changdong Sports Culture Complex,2005,도봉구  ,       ,서울시 도봉구 창4동 1-6,,"02-901-5216,02-901-5225",http://www.dobongsiseol.or.kr/index_sport.html,127.0507544,37.6581769
909,공연장,천공의 성,theatre SUNG in the sky,2010,종로구  ,       ,서울시 종로구 명륜1가 33-72 지하 1층,,02-747-4288,http://www.sunginthesky.com,126.9994407,37.5883630
910,박물관,청계천문화관,,    ,성동구  ,133-814,서울시 성동구 청계천로 530,,02-2286-3410,http://www.sdmljalib.or.kr,127.0350259,37.5712653
912,공연장,청소년 협력종합예술활동 교육장 채움,Training Center for Collaborative Arts Activities for Youth,2018,도봉구  ,01301  ,"서울시 도봉구 도봉로 955 (도봉동, 도봉산역 광역환승센타)",1층 채움,02-3491-2312,http://blog.naver.com/dobong_art,127.0448888,37.6897619
918,공연장,청운예술극장,Chungwoon art theatre,2004,종로구  ,       ,서울시 종로구 연건동 178-1 동마루빌딩 4층,,02-764-7606,http://www.globe.or.kr,127.0025768,37.5765289
920,전시시설,청작화랑,,    ,강남구  ,135-890,서울시 강남구 논현로175길 63,호창빌딩,02-549-3112,http://www.nanta.co.kr,127.0239056,37.5240054
921,도서관,청파도서관,,    ,용산구  ,140-140,서울시 용산구 청파로93길 27,,02-714-3931,http://www.cheongpalib.or.kr,126.9675448,37.5540247
922,전시시설,청화랑,,    ,강남구  ,135-100,서울시 강남구 삼성로 147길 4,,02-543-1663,,127.0476525,37.5227202
923,공연장,최일화스튜디오,Cho il hwa studio,2012,종로구  ,       ,서울시 종로구 이화동 28-18 B1,,,http://www.dyarthall.co.kr,127.0057358,37.5773880
926,공연장,충무아트홀 대극장,Chungmu Art Hall - Grand Theater,2005,중구   ,       ,서울시 중구 흥인동 131번지 충무아트홀,,02-2230-6600,http://www.cmah.or.kr,127.0148704,37.5659425
927,공연장,충무아트홀 소극장블루,Chungmu Art Hall - Small Theater Blue,2005,중구   ,       ,서울시 중구 흥인동 131번지 충무아트홀,,02-2230-6600,http://www.cmah.or.kr,127.0148704,37.5659425
928,공연장,충무아트홀 중극장블랙,Chungmu Art Hall - Midium Theater Black,2005,중구   ,       ,서울시 중구 흥인동 131번지 충무아트홀,,02-2230-6600,http://www.cmah.or.kr,127.0148704,37.5659425
929,미술관,치우금속공예관,,    ,서초구  ,137-901,서울시 서초구 중앙로 555,,02-578-6663,http://www.gallerylvs.org/,127.0123666,37.4577716
930,전시시설,카이노스갤러리,,    ,강남구  ,135-975,서울시 강남구 봉은사로 524,코엑스 인터컨티넨탈 호텔 B2 C-10호,02-538-1466,http://www.theateryong.or.kr,127.0571142,37.5129437
931,전시시설,카이스갤러리,,    ,강남구  ,135-100,서울시 강남구 압구정로80길 17,,02-511-0668,http://www.ghmarthall.co.kr,127.0453938,37.5246125
932,전시시설,커뮤니티디자인연구소,,    ,종로구  ,110-210,서울시 종로구 북촌로5나길 3-16,,02-730-2058,http://www.artistan.co.kr,126.9819517,37.5816837
933,공연장,컬투홀,,2006,종로구  ,       ,서울시 종로구 혜화동 179-4,,,,127.0021663,37.5835258
935,미술관,코리아나미술관,,    ,강남구  ,135-895,서울시 강남구 언주로 827,,02-547-9177,http://www.gwanakcullib.seoul.kr,127.0327996,37.5240479
936,공연장,코엑스 오디토리움 대극장,COEX Auditorium Theater,    ,강남구  ,       ,서울시 강남구 삼성동 무역센터 코엑스 신관 3층,,02-6000-0114,http://www.coextheaters.com/kor/main.asp,,
937,공연장,코엑스아트홀,Coex Art Hall,    ,강남구  ,       ,서울시 강남구 삼성동 159번지 코엑스본관 2층,,"02-6000-6790,02-6000-0114",http://www.coex.co.kr/,127.0588432,37.5125278
939,공연장,코우스(한국문화의 집),KOUS,2003,강남구  ,       ,서울시 강남구 대치동 944-22번지,,02-3011-1720,http://www.kous.or.kr/kous,127.0604933,37.5068447
940,공연장,콘텐츠문화광장,Multi Content Testbed,2017,동대문구 ,02456  ,"서울시 동대문구 회기로 66 (청량리동, 한국과학기술정보연구원)",콘텐츠문화광장,02-6310-0626,http://testbed.kocca.kr,127.0444357,37.5905812
941,공연장,콘텐츠문화광장,MULTI CONTENT TESTBED,2017,동대문구 ,02456  ,"서울시 동대문구 회기로 66 (청량리동, 한국과학기술정보연구원, 한국콘텐츠진흥원)",KOCCA 콘텐츠문화광장,02-6310-0776,http://testbed.kocca.kr,127.0444357,37.5905812
942,미술관,콜론비 아츠 갤러리,Colon B Arts Gallery,2017,종로구  ,03194  ,"서울시 종로구 청계천로 159 (장사동, 세운상가)",나다434호,070-4222-4986,https://www.colonbarts.com,126.9952397,37.5692839
944,공연장,"키득키득아트홀(구,루나틱아트홀)",,2004,종로구  ,       ,서울시 종로구 동숭동 1-150번지,,,,127.0042638,37.5801187
945,공연장,키작은소나무,,2009,종로구  ,       ,서울시 종로구 혜화동 37-1,,02-765-8880,,127.0032109,37.5876006
948,공연장,토탈미술관,Total Museum of Contemporary Art,1992,종로구  ,       ,서울시 종로구 평창동 465-16,,"02-379-7037,02-379-3994",http://www.totalmuseum.org,126.9757439,37.6121142
949,미술관,토탈미술관,,    ,종로구  ,110-848,서울시 종로구 평창32길 8,,02-379-3994,http://www.totalmuseum.org/,126.9756739,37.6121384
950,공연장,틴틴홀,TintinHALL,2013,종로구  ,       ,서울시 종로구 동숭동 1-97,,02-764-8760,,127.0035212,37.5816101
953,미술관,포스코미술관,,    ,강남구  ,135-777,서울시 강남구 테헤란로 440,포스코센터서관 2층,02-3457-1665,http://www.gwanakcullib.seoul.kr,127.0561271,37.5058388
955,전시시설,포트폴리오,PORTFOLIO,2016,종로구  ,03061  ,서울시 종로구 율곡로3길 72,안국동,02-732-8777,http://www.portfoliobyportfolio.com,126.9822234,37.5788090
956,전시시설,표갤러리,,    ,용산구  ,140-856,서울시 용산구 소월로 314,,02-543-7337,http://www.pyoart.com,126.9962088,37.5413814
957,공연장,푸른달극장,puleundal theater,2013,종로구  ,       ,서울시 종로구 혜화동 194번지 동선빌딩 지하 푸른달 극장,,070-4036-713,http://http://puleundal.blog.me,127.0026805,37.5840003
959,공연장,풍기문란센터,Theater Poonggimulan Center,2007,종로구  ,       ,서울시 종로구 명륜2가 160-2,,,,126.9988242,37.5844353
962,공연장,프란치스코 교육회관,Franciscan Education Center,    ,중구   ,       ,서울시 중구 정동 17번지,,02-6364-2200,http://www.fec.or.kr/,126.9702852,37.5676243
963,공연장,플래툰 쿤스트할레,PLATOON KUNSTHALLE,2009,강남구  ,       ,서울시 강남구 논현동 97-22,,02-3447-1191,,127.0349185,37.5205551
964,전시시설,플랫폼엘 컨템포러리 아트센터,Platform-L Contemporary Art Center,2016,강남구  ,06053  ,서울시 강남구 언주로133길 11 (논현동),플랫폼엘 컨템포러리 아트센터,02-6929-4470,https://platform-l.org/,127.0343818,37.5160555
965,전시시설,플레이스막,,    ,마포구  ,121-865,서울시 마포구 동교로46길 36,1층,,http://www.placemak.com,126.9265903,37.5621271
967,전시시설,피케이엠 갤러리,,    ,종로구  ,110-230,서울시 종로구 삼청로 7길 32,,02-734-9467~9,http://www.thinktown.co.kr,126.9800379,37.5837919
968,전시시설,피케이엠 트리니티갤러리,,    ,강남구  ,135-954,서울시 강남구 압구정로 416,"B2, B3층",02-515-9496~7,,127.0424316,37.5269139
969,전시시설,픽스굿,PICKSGOOD,2022,종로구  ,03006  ,서울시 종로구 평창11길 29 (평창동),PICKSGOOD 갤러리,02-6930-5722,https://picksgallery.io/,126.9657505,37.6080743
970,전시시설,필립강갤러리,,    ,강남구  ,135-517,서울시 강남구 압구정로 80길 34,,02-517-9014~5,http://www.guroartsvalley.or.kr,127.0439728,37.5247422
971,전시시설,하나아트갤러리,,    ,종로구  ,110-300,서울시 종로구 인사동10길 2,,02-736-6550,http://cafe.daum.net/arirangart,126.9853049,37.5739212
972,도서관,하늘도서관,,    ,구로구  ,152-851,서울시 구로구 구로동로13길 68,,02-864-9585,http://www.ligarthall.com,126.8813479,37.4873732
973,공연장,하늘땅극장,,    ,종로구  ,       ,서울시 종로구 동숭동 1-141,,02-747-4444,,127.0039410,37.5800416
974,공연장,하모니아트홀,Harmony Art Hall,2012,종로구  ,       ,서울시 종로구 동숭동 1-92 태원빌딩 3층,,,,127.0039484,37.5810340
976,전시시설,학고재아트센터,,    ,종로구  ,110-200,서울시 종로구 삼청로 50,,02-720-1524~6,http://www.artbom.or.kr,126.9803278,37.5804723
977,도서관,학마을 다사랑센터,,    ,도봉구  ,132-830,서울시 도봉구 시루봉로 128,,02-901-5190,http://www.welfarecenter.or.kr,127.0278494,37.6621615
978,공연장,학전그린,Hakchon Green,1996,종로구  ,       ,서울시 종로구 동숭동 1-8번지 무애빌딩,,02-763-8233,http://www.hakchon.co.kr,127.0030779,37.5839027
979,공연장,학전블루,Hakchon Blue,1991,종로구  ,       ,서울시 종로구 동숭동 1-79,,02-763-8233,http://www.hakchon.co.kr,127.0037200,37.5820901
981,미술관,한가람디자인미술관,,    ,서초구  ,137-718,서울시 서초구 남부순환로 2406,예술의전당內,02-580-1271,http://www.gallerywon.co.kr,127.0137947,37.4791365
982,미술관,한가람미술관,,    ,서초구  ,137-718,서울시 서초구 남부순환로 2406,예술의전당內,02-580-1600,,127.0137947,37.4791365
985,박물관,한국미술박물관,,    ,종로구  ,110-280,서울시 종로구 창덕궁길 73,,02-766-6000,http://www.buddhistmuseum.co.kr,126.9888519,37.5809815
986,전시시설,한국미술센터,,    ,종로구  ,110-778,서울시 종로구 인사동5길 29,태화빌딩 B-2호,02-725-9467,http://www.wooripp.co.kr,126.9848599,37.5719902
990,도서관,한국학생도서관,,    ,중구   ,100-380,서울시 중구 동호로 27길 30,,02-2275-0753,http://www.gabyun.com,127.0020975,37.5607436
991,미술관,한미사진미술관,,    ,송파구  ,138-724,서울시 송파구 위례성대로 14,"한미타워 19, 20층",02-418-1315,http://www.jnwelfare.or.kr,127.1139677,37.5166031
993,공연장,한성아트홀 1관(구.인켈아트홀),Inkel Arthall 1,1990,종로구  ,       ,서울시 종로구 명륜2가 41-4,,02-741-0251~2,http://http://www.inkelarthall.com,127.0000193,37.5837064
994,공연장,한성아트홀 2관(구.인켈아트홀),Inkel Arthall 2,1993,종로구  ,       ,서울시 종로구 명륜2가 41-4,,02-741-0251~2,http://http://www.inkelarthall.com,127.0000193,37.5837064
996,공연장,한양레퍼토리씨어터,Han Yang Repertory Theater,2003,종로구  ,       ,서울시 종로구 혜화동 185번지 중원빌딩 B1,,02-764-6460,http://www.hyrepertory.com,127.0021698,37.5839746
997,공연장,한얼소극장,Haneol Theater,2002,종로구  ,       ,서울시 종로구 혜화동 70-1번지,,02-766-7010,http://haneol.net,127.0016521,37.5867572
999,미술관,한원미술관,,    ,서초구  ,137-070,서울시 서초구 남부순환로 2423,한원빌딩 B1,02-588-5642,http://www.galleryfocus.co.kr,127.0154631,37.4818021
1000,공연장,한전아트센터,Kepco Art Center,2001,서초구  ,       ,서울시 서초구 쑥고개길 34,,02-2105-8133,http://cyber.kepco.co.kr/artcenter/main/main.jsp,,
1004,공연장,해오름소극장,Haeorm Theater,2007,종로구  ,       ,서울시 종로구 명륜2가 13번지,,02-984-7567,http://www.haeorm.co.kr,127.0000379,37.5845573
1006,공연장,해피씨어터,Happy Theater,2008,종로구  ,       ,서울시 종로구 동숭동 1-60,,"02-747-2070,02-747-2090",http://www.papaproduction.com,127.0025685,37.5818985
1007,미술관,헬로우뮤지엄 어린이미술관,,    ,강남구  ,135-917,서울시 강남구 언주로 552,아시아빌딩 2층,02-562-4420,http://www.bongchuny.or.kr,127.0403289,37.5073827
1009,공연장,호은아트홀,,    ,종로구  ,       ,서울시 종로구 동숭동 1-150 연극극장,,02-3673-1589,http://www.sfac.or.kr,127.0042638,37.5801187
1010,공연장,홍대 고스트 씨어터,Ghost Theater,2007,마포구  ,       ,서울시 마포구 서교동 356-1 지하 2~3층,,02-325-5715,http://www.underlounge.kr,126.9221824,37.5544429
1011,공연장,홍대 비보이 전용극장,B-boy,2005,마포구  ,       ,서울시 마포구 서교동 338-8번지 삼진제약빌딩 4층 SJ비보이즈,,02-323-5233,http://www.sjbboys.com,126.9267239,37.5535584
1012,공연장,홍대 포스트극장,hongik post theater,2013,마포구  ,       ,서울시 마포구 창전동 5-92,,02-337-5961,http://www.sfac.or.kr,126.9296674,37.5541240
1013,공연장,홍사소극장,Hong saa Theater,2003,종로구  ,       ,서울시 종로구 혜화동 64-1번지 홍사소극장,,02-2677-1918,http://www.hongsa.co.kr,127.0018956,37.5866922
1014,도서관,홍은도담도서관,,    ,서대문구 ,120-842,서울시 서대문구 홍은중앙로 129,,02-360-8645,,126.9489945,37.6017769
1017,공연장,홍익대 대학로 아트센터 대극장,,2013,종로구  ,       ,서울시 종로구 연건동 128-8 홍익대 대학로 아트센터,,02-742-0300,http://cafe.naver.com/artfactoryshow,127.0014570,37.5765433
1018,공연장,홍익대 대학로 아트센터 소극장,,2013,종로구  ,       ,서울시 종로구 연건동 128-8 홍익대 대학로 아트센터,,02-742-0300,,127.0014570,37.5765433
1020,도서관,화랑도서관  ,,    ,노원구  ,139-800,서울시 노원구 노원로 1-나길 10,,02-973-1318,,127.0830496,37.6215269
1022,미술관,환기미술관,,    ,종로구  ,110-817,서울시 종로구 자하문로 40길 63,,02-391-7701~2,http://whankimuseum.org,126.9661218,37.5940981
1023,공연장,환상극장,,    ,종로구  ,       ,서울시 종로구 동숭동 199-33번지 지하1층,,,,127.0046424,37.5785108
1024,공연장,효천아트센터 그라운드 씬,Ground - SYN,2010,종로구  ,       ,서울시 종로구 명륜1가 5번지,,02-3676-2352,http://www.groundsyn.co.kr,126.9982953,37.5899891
1025,공연장,흰물결 화이트홀,white hall,    ,     ,       ,,,02-535-7119,,,
