개방자치단체코드,관리번호,인허가일자,인허가취소일자,영업상태코드,영업상태명,상세영업상태코드,상세영업상태명,폐업일자,휴업시작일자,휴업종료일자,재개업일자,전화번호,소재지면적,소재지우편번호,지번주소,도로명주소,도로명우편번호,사업장명,최종수정일자,데이터갱신구분,데이터갱신일자,업태구분명,좌표정보(X),좌표정보(Y),임산부정원수,영유아정원수,임산부실면적,영유아실면적,모유수유실면적,급식시설면적,세탁실면적,목욕실면적,조리원화장실면적,사무실면적,간호사수,간호조무사수,영양사수,취사부수,미화원수,기타인원수,건물층수,지상층수,지하층수
3230000,PHMB120143230034042100001,2014-02-27,,01,영업/정상,13,영업중,,,,,024313535,,,,"서울특별시 송파구 충민로2길 20 (장지동, 송파산모건강증진센터)",05816,송파산모건강증진센터산후조리원,2023-04-18 11:16,U,00:00.0,,,,,,,,,,,,,,,,,,,,,,
,,,,,,,,,,,,,,,,,,,,,,,,,,,,,,,,,,,,,,,,,,,
3200000,PHMB120143200033042100001,2014-05-01,,01,영업/정상,13,영업중,,2023-04-13,2023-05-15,,02-889-0700,,,서울특별시 관악구 봉천동 463-4 메카플러스,"서울특별시 관악구 양녕로 46, 메카플러스 (봉천동)",08747,로얄산후조리원(봉천점),2023-06-27 11:58,U,09:00.0,,195274.3433,442663.4986,,,,,,,,,,,,,,,,,,,
3050000,PHMB120163050034042100002,2016-11-10,,01,영업/정상,13,영업중,,,,,02-2212-2582,,,서울특별시 동대문구 답십리동 492번지 2호 9층,"서울특별시 동대문구 천호대로 317, 9층 (답십리동, 하늘병원)",02622,블리스산후조리원,2023-05-08 17:21,U,00:00.0,,204831.4613,451444.506,,,,,,,,,,,,,,,,,,,
3150000,PHMB120113150037042100002,2011-03-17,,01,영업/정상,13,영업중,,2023-06-05,2023-06-30,,02-2659-0031,,157-200,서울특별시 강서구 가양동 1480번지 8호,"서울특별시 강서구 양천로 461, 5층 (가양동)",07526,퀸즈마리 산후조리원(가양점),2023-06-29 11:19,U,01:00.0,,186875.9942,451205.8351,,,,,,,,,,,,,,,,,,,
3090000,PHMB120083090033042100001,2008-08-26,,01,영업/정상,13,영업중,,2023-05-03,2023-05-31,,,,,서울특별시 도봉구 창동 731-1 에이치큐브병원,"서울특별시 도봉구 도봉로 604, 에이치큐브병원 7-8층 (창동)",01401,에이치큐브 산후조리원,2023-05-25 9:24,U,07:00.0,,203556.6616,461771.0544,,,,,,,,,,,,,,,,,,,
3110000,PHMB120073110032042100002,2007-02-01,,01,영업/정상,13,영업중,,,,,02-6010-0702,,122-923,"서울특별시 은평구 응암동 578번지 16호 4,5층",서울특별시 은평구 응암로 235 (응암동),03457,라솜 산후조리원 은평점,2023-05-24 15:41,U,07:00.0,,192652.478,454524.9793,,,,,,,,,,,,,,,,,,,
3140000,PHMB120153140033042100001,20150807,,01,영업/정상,13,영업중,,,,,02-6491-1001,,,서울특별시 양천구 목동 406번지 21호,서울특별시 양천구 오목로 325 (목동),08000,㈜레피리움시그니쳐,2022-04-12 15:56,U,04:00.0,,188767.5843,446998.232,,,,,,,,,,,,,,,,,,,
3220000,PHMB120143220033042100004,2014-09-05,,01,영업/정상,13,영업중,,,,,,,,서울특별시 강남구 삼성동 21 한섬빌딩,"서울특별시 강남구 삼성로 635, 한섬빌딩 (삼성동)",06091,(주)헤리티지산후조리원,2024-01-26 11:17,U,08:00.0,,204436.9708,446036.9815,,,,,,,,,,,,,,,,,,,
3220000,PHMB120233220033042100001,2023-11-02,,01,영업/정상,13,영업중,,,,,,,06100,,서울특별시 강남구 선릉로 629 (논현동),06100,ANIDAR 산후조리원,2025-01-16 15:04,U,08:00.0,,203691.2166,445630.9431,,,,,,,,,,,,,,,,,,,
3070000,PHMB120223070034042100001,20220401,,01,영업/정상,13,영업중,,,,,02-2088-7387,,,서울특별시 성북구 석관동 349-1 장위뉴타워 8층,"서울특별시 성북구 화랑로 248, 장위뉴타워 8층 (석관동)",02787,마리아산후조리원,2022-12-13 21:07,U,05:00.0,,204958.4055,456443.3872,,,,,,,,,,,,,,,,,,,
,,,,,,,,,,,,,,,,,,,,,,,,,,,,,,,,,,,,,,,,,,,
3010000,PHMB120143010033042100001,2014-12-31,,01,영업/정상,13,영업중,,,,,0222316375,,,,"서울특별시 중구 다산로36길 11, 동산빌딩 6,7층 (신당동)",04585,더드림산후조리원,2023-07-31 13:48,U,02:00.0,,201362.6956,451177.2225,,,,,,,,,,,,,,,,,,,
3190000,PHMB120133190033042100001,2013-07-09,,01,영업/정상,13,영업중,,,,,02-6496-5650,,,서울특별시 동작구 노량진동 311번지 8호,"서울특별시 동작구 장승배기로 108 (노량진동, 청화병원)",06925,청화병원부설산후조리원,2024-04-03 8:39,U,05:00.0,,194640.5137,444993.6777,,,,,,,,,,,,,,,,,,,
3220000,PHMB120243220033042100001,2024-10-29,,01,영업/정상,13,영업중,,,,,02-517-2419,,,서울특별시 강남구 삼성동 24-19,"서울특별시 강남구 삼성로115길 20-10, 노블5 산후조리원 1~4층 (삼성동)",06094,노블5 산후조리원,2024-10-29 17:59,I,01:00.0,,204373.7315,445875.0553,,,,,,,,,,,,,,,,,,,
,,,,,,,,,,,,,,,,,,,,,,,,,,,,,,,,,,,,,,,,,,,
3220000,PHMB120073220033042100001,2007-04-16,,01,영업/정상,13,영업중,,2017-05-29,2017-06-30,,02-546-3493,,,서울특별시 강남구 신사동 616번지 3호 1~5층,"서울특별시 강남구 압구정로38길 6, 1~5층 (신사동)",06023,호산산후조리원,2024-01-08 16:15,U,00:00.0,,202786.8159,447346.1256,,,,,,,,,,,,,,,,,,,
3150000,PHMB120083150037042100001,2008-12-16,,01,영업/정상,13,영업중,,2023-11-20,2024-02-27,,02-1644-3358,,,서울특별시 강서구 화곡동 1060번지 30호 R.U휘트니스,서울특별시 강서구 화곡로 191 (화곡동),07700,궁산후조리원 화곡지점,2024-02-27 14:02,U,09:00.0,,185983.8447,448981.9022,,,,,,,,,,,,,,,,,,,
3140000,PHMB120063140033042100003,2006-12-08,,01,영업/정상,13,영업중,,,,,,,158-861,서울특별시 양천구 신정1동 1026번지 1호,"서울특별시 양천구 신월로 338, 원빌딩 4층 (신정동)",08086,목동 굿맘 산후조리원,2024-09-02 15:31,U,04:00.0,,187415.9229,446600.1841,,,,,,,,,,,,,,,,,,,
3170000,PHMB120063170035042100002,2006-12-20,,01,영업/정상,13,영업중,,,,,02-851-1566,,,서울특별시 금천구 독산동 152-6 삼희빌딩,"서울특별시 금천구 시흥대로 429, 삼희빌딩 3층 (독산동)",08535,VIP산후조리원,2024-01-19 13:53,U,01:00.0,,190878.5472,441091.3736,,,,,,,,,,,,,,,,,,,
3150000,PHMB120243150037042100002,2024-06-25,,01,영업/정상,13,영업중,,,,,02-1833-4720,,,서울특별시 강서구 내발산동 680-12,서울특별시 강서구 강서로47길 20 (내발산동),07633,디어원 산후조리원,2024-06-28 9:59,U,00:00.0,,185359.4043,450080.0844,,,,,,,,,,,,,,,,,,,
3150000,PHMB120243150037042100003,2024-09-20,,01,영업/정상,13,영업중,,,,,02-2659-2026,,,서울특별시 강서구 등촌동 632-1,"서울특별시 강서구 양천로 588, 2~4층 (등촌동)",07552,미래아이굿맘스 산후조리원,2024-09-23 16:37,U,05:00.0,,187890.8735,450435.3374,,,,,,,,,,,,,,,,,,,
,,,,,,,,,,,,,,,,,,,,,,,,,,,,,,,,,,,,,,,,,,,
3040000,PHMB120073040033042100001,2007-06-20,,01,영업/정상,13,영업중,,,,,02-457-6020,,143-959,서울특별시 광진구 구의동 223번지 65호,서울특별시 광진구 구의로 28 (구의동),,예그리나 산후조리원,2025-01-17 15:06,U,09:00.0,,207866.8047,448680.6447,,,,,,,,,,,,,,,,,,,
3060000,PHMB120063060034042100001,2006-12-27,,01,영업/정상,13,영업중,,,,,02-496-3425,,131-809,서울특별시 중랑구 망우본동 488번지 8호 외1필지 에이동,"서울특별시 중랑구 망우로 411, 에이동 (망우동)",02073,아이맘-s산후조리원,2025-01-02 17:32,U,04:00.0,,208547.5606,455271.7903,,,,,,,,,,,,,,,,,,,
3220000,PHMB120183220033042100001,2018-06-01,,01,영업/정상,13,영업중,,,,,02)517-2433,,,서울특별시 강남구 청담동 55번지 19호 헤리티지산후조리원2호점,"서울특별시 강남구 영동대로141길 20, 헤리티지산후조리원2호점 (청담동)",06071,헤리티지 산후조리원 2호점,2024-01-26 11:16,U,08:00.0,,204624.996,446759.4272,,,,,,,,,,,,,,,,,,,
3150000,PHMB120243150037042100001,2024-02-19,,01,영업/정상,13,영업중,,,,,02-2039-3530,,,"서울특별시 강서구 마곡동 791-5 마곡파인스퀘어Ⅲ, 4,5층","서울특별시 강서구 마곡중앙8로5길 11, 마곡파인스퀘어Ⅲ 4,5층층 (마곡동)",07794,라엘르마곡 산후조리원 주식회사,2024-02-19 17:56,I,01:00.0,,185538.3865,451080.4699,,,,,,,,,,,,,,,,,,,
3100000,PHMB120133100034042100001,2013-02-06,,01,영업/정상,13,영업중,,,,,02-951-2300,,139-816,서울특별시 노원구 상계2동 363번지 10호,서울특별시 노원구 상계로7길 17 (상계동),01692,노원라테라산후조리원,2024-08-12 14:40,U,04:00.0,,205654.2769,461683.7802,,,,,,,,,,,,,,,,,,,
,,,,,,,,,,,,,,,,,,,,,,,,,,,,,,,,,,,,,,,,,,,
3000000,PHMB120153000034042100001,20151125,,01,영업/정상,13,영업중,,,,,02-763-5400,,,서울특별시 종로구 원남동 28번지 7호 창경빌딩,"서울특별시 종로구 율곡로 174, 창경빌딩 2,3,4층 (원남동)",03127,라솜산후조리원 창경궁지점,2021-03-01 11:15,U,40:00.0,,199750.9327,452592.7596,16,16,344.6,43.7,5.2,27.3,9.9,32,32,22.8,3,12,0,3,2,0,18,3,5
3000000,PHMB120163000034042100001,20160513,,01,영업/정상,13,영업중,,,,,02-738-3335,,110080,서울특별시 종로구 무악동 66번지 3호,서울특별시 종로구  통일로16길  4-1 (무악동),110080,올리비움산후조리원,2021-03-01 11:15,U,40:00.0,,196182.7231,452605.7129,60,60,2622.62,279.69,149.75,187.11,26.4,,,26.45,6,45,1,10,,21,11,5,1
,,,,,,,,,,,,,,,,,,,,,,,,,,,,,,,,,,,,,,,,,,,
,,,,,,,,,,,,,,,,,,,,,,,,,,,,,,,,,,,,,,,,,,,
,,,,,,,,,,,,,,,,,,,,,,,,,,,,,,,,,,,,,,,,,,,
3100000,PHMB120123100034042100002,2012-04-06,,01,영업/정상,13,영업중,,,,,,,139-816,서울특별시 노원구 상계2동 354번지 6호  호영빌딩 2-5층,"서울특별시 노원구 상계로5길 9 (상계동,호영빌딩 2-5층)",,(주)모아드림산후조리원,2024-11-03 15:09,U,05:00.0,,205564.8043,461624.5549,,,,,,,,,,,,,,,,,,,
,,,,,,,,,,,,,,,,,,,,,,,,,,,,,,,,,,,,,,,,,,,
,,,,,,,,,,,,,,,,,,,,,,,,,,,,,,,,,,,,,,,,,,,
,,,,,,,,,,,,,,,,,,,,,,,,,,,,,,,,,,,,,,,,,,,
3010000,PHMB120163010033042100001,2016-12-16,,01,영업/정상,13,영업중,,,,,0260121010,,,서울특별시 중구 중림동 150-1 이화빌딩(중림동),"서울특별시 중구 중림로 31, 이화빌딩(중림동) 1층 (중림동)",04506,와튼젤리 산후조리원(용산마포점),2024-05-16 16:06,U,08:00.0,,197028.3806,450675.687,,,,,,,,,,,,,,,,,,,
3160000,PHMB120143160034042100001,2014-04-22,,01,영업/정상,13,영업중,,,,,02-2611-7322,,,,"서울특별시 구로구 경인로 240, 2층 (오류동)",08270,맘스퀘어 산후조리원,2023-02-09 14:11,U,01:00.0,,,,,,,,,,,,,,,,,,,,,,
,,,,,,,,,,,,,,,,,,,,,,,,,,,,,,,,,,,,,,,,,,,
3020000,PHMB120203020033042100001,20201007,,01,영업/정상,13,영업중,,,,,02-6952-3787,,,서울특별시 용산구 한강로3가 40-969 서울드래곤시티,"서울특별시 용산구 청파로20길 95, 서울드래곤시티 C동 39층 (한강로3가)",04372,트리니티 산후조리원,2020-10-14 15:44,U,40:00.0,,196610.6638,447742.3486,18,18,647.75,83.02,,,8.25,,,5.44,3,3,0,0,1,0,44,39,0
,,,,,,,,,,,,,,,,,,,,,,,,,,,,,,,,,,,,,,,,,,,
,,,,,,,,,,,,,,,,,,,,,,,,,,,,,,,,,,,,,,,,,,,
,,,,,,,,,,,,,,,,,,,,,,,,,,,,,,,,,,,,,,,,,,,
3030000,PHMB120163030033042100001,2016-08-04,,01,영업/정상,13,영업중,,,,,,,,,"서울특별시 성동구 고산자로6길 40, 행당동 레몬프라자 6층 601호 (행당동)",04745,이든포레,2023-08-01 14:39,U,03:00.0,,203071.9592,450665.5326,,,,,,,,,,,,,,,,,,,
,,,,,,,,,,,,,,,,,,,,,,,,,,,,,,,,,,,,,,,,,,,
,,,,,,,,,,,,,,,,,,,,,,,,,,,,,,,,,,,,,,,,,,,
,,,,,,,,,,,,,,,,,,,,,,,,,,,,,,,,,,,,,,,,,,,
,,,,,,,,,,,,,,,,,,,,,,,,,,,,,,,,,,,,,,,,,,,
3040000,PHMB120013040033042100001,20010511,,01,영업/정상,13,영업중,,,,,02-447-0065,,143862,서울특별시 광진구 자양동 553번지 15호 3층,"서울특별시 광진구 뚝섬로 503, 3층 (자양동)",05076,광진아기맘미소산후조리원,2020-09-18 17:55,U,40:00.0,,205788.3327,448212.1272,10,10,399.1,34.56,,,12.67,,,,5,7,,2,1,,4,3,1
,,,,,,,,,,,,,,,,,,,,,,,,,,,,,,,,,,,,,,,,,,,
3050000,PHMB120143050034042100001,20141001,,01,영업/정상,13,영업중,,,,,1599-3270,,130883,서울특별시 동대문구 답십리동 94번지 9호,"서울특별시 동대문구 전농로 102, 4층 (답십리동)",02538,마드레산후조리원,2019-03-05 17:35,U,40:00.0,,205049.0959,452418.2704,18,18,341.48,40.9,,16.43,5,36,36,7.43,4,4,,2,2,1,4,4,
3050000,PHMB120063050034042100001,20061229,,01,영업/정상,13,영업중,,,,,2210-3399/3439,,130874,"서울특별시 동대문구 휘경2동 29번지 1호 지하1층, 1층, 2층","서울특별시 동대문구 망우로 82, B1,1,2층 (휘경동)",02500,삼육서울병원부설산후조리원,2021-03-18 9:28,U,40:00.0,,205622.5177,454115.4328,24,24,28,58.4,,,,,,,9,5,1,,,2,3,2,1
3050000,PHMB120063050034042100002,20061010,,01,영업/정상,13,영업중,,20171231,20180114,,2246-2001,,130100,서울특별시 동대문구 장안동 371번지 1호 삼성쉐르빌2층,"서울특별시 동대문구 장한로 119 (장안동,삼성쉐르빌2층)",,린아미에산후조리원,2018-01-16 9:55,I,59:59.0,,206101.9138,452155.6911,17,17,18,30.7,,,,,,,5,3,,,,4,0,,
3050000,PHMB120073050034042100001,20071203,,01,영업/정상,13,영업중,,,,,2243-5353,,,서울특별시 동대문구 장안동 370번지 2호,"서울특별시 동대문구 답십리로 268, 해림빌딩 3,4층 (장안동)",02624,린산후조리원,2018-05-31 15:31,I,59:59.0,,206127.5479,452215.684,19,20,20,53.92,,,,,,,3,11,1,,,2,2,2,
3050000,PHMB120133050034042100001,20130129,,01,영업/정상,13,영업중,,,,,2213-5889,,130838,"서울특별시 동대문구 장안2동 295번지 5호 7, 8층","서울특별시 동대문구 답십리로 269, 7,8층 (장안동)",02530,베베리타산후조리원,2020-08-18 13:13,U,40:00.0,,206150.6896,452269.6768,15,15,,29.5,7.2,25.4,9.1,4.8,,24.5,4,6,,1,,2,2,2,
,,,,,,,,,,,,,,,,,,,,,,,,,,,,,,,,,,,,,,,,,,,
,,,,,,,,,,,,,,,,,,,,,,,,,,,,,,,,,,,,,,,,,,,
,,,,,,,,,,,,,,,,,,,,,,,,,,,,,,,,,,,,,,,,,,,
,,,,,,,,,,,,,,,,,,,,,,,,,,,,,,,,,,,,,,,,,,,
,,,,,,,,,,,,,,,,,,,,,,,,,,,,,,,,,,,,,,,,,,,
,,,,,,,,,,,,,,,,,,,,,,,,,,,,,,,,,,,,,,,,,,,
3040000,PHMB120143040033042100001,2014-02-24,,01,영업/정상,13,영업중,,,,,02-2083-0640,,143-824,서울특별시 광진구 구의동 234번지 25호,서울특별시 광진구 자양로 192 (구의동),05031,(주)궁 산후조리원 구의점,2024-11-13 13:19,U,05:00.0,,207472.0448,449142.6875,,,,,,,,,,,,,,,,,,,
3060000,PHMB120143060034042100001,2014-06-09,,01,영업/정상,13,영업중,,,,,02-972-7667,,131-848,서울특별시 중랑구 묵동,"서울특별시 중랑구 중랑역로 257, 신흥빌딩 4~5층 (묵동)",02018,뉴이자르 산후조리원 태릉점,2025-01-02 17:28,U,04:00.0,,206694.0528,457058.8336,,,,,,,,,,,,,,,,,,,
,,,,,,,,,,,,,,,,,,,,,,,,,,,,,,,,,,,,,,,,,,,
,,,,,,,,,,,,,,,,,,,,,,,,,,,,,,,,,,,,,,,,,,,
,,,,,,,,,,,,,,,,,,,,,,,,,,,,,,,,,,,,,,,,,,,
3070000,PHMB120123070034042100001,20120119,,01,영업/정상,13,영업중,,20210430,20210515,,02-922-1400,,,서울특별시 성북구 동소문동3가 63 동도빌딩,"서울특별시 성북구 동소문로 48, 동도빌딩 3층 (동소문동3가)",02860,라솜산후조리원 성북지점,2021-05-17 11:29,U,40:00.0,,200905.1837,454220.5194,14,14,232.18,31.4,5.7,7.2,7.2,3.3,,9.5,3,3,0,2,1,1,0,,
,,,,,,,,,,,,,,,,,,,,,,,,,,,,,,,,,,,,,,,,,,,
3080000,PHMB120073080033042100003,20071120,,01,영업/정상,13,영업중,,,,,996-1511,,,서울특별시 강북구 미아동 322번지 5호,서울특별시 강북구 도봉로 131 (미아동),01177,햇빛병원부설 햇빛산후조리원,2016-04-22 13:49,I,59:59.0,,202407.498,457584.3681,39,39,723.33,127.06,,48.12,28.12,,24.58,14.62,6,14,1,3,3,,8,6,2
,,,,,,,,,,,,,,,,,,,,,,,,,,,,,,,,,,,,,,,,,,,
,,,,,,,,,,,,,,,,,,,,,,,,,,,,,,,,,,,,,,,,,,,
,,,,,,,,,,,,,,,,,,,,,,,,,,,,,,,,,,,,,,,,,,,
3090000,PHMB120123090033042100001,20120502,,01,영업/정상,13,영업중,,,,,02-903-0033,,132893,서울특별시 도봉구 쌍문2동 653번지 7층,"서울특별시 도봉구 도봉로 575, 7층 (쌍문동)",01432,소중한맘산후조리원,2021-09-16 20:13,U,40:00.0,,203348.2106,461557.3105,19,19,318,40,8.3,40,6.3,0,2.86,15.18,2,2,0,1,1,0,7,7,0
3090000,PHMB120123090033042100002,2012-11-29,,01,영업/정상,13,영업중,,,,,029934300,,,,서울특별시 도봉구 해등로 125 (창동),01426,마미캠프산후조리원,2023-09-12 9:26,U,04:00.0,,203500.5396,461375.8647,,,,,,,,,,,,,,,,,,,
,,,,,,,,,,,,,,,,,,,,,,,,,,,,,,,,,,,,,,,,,,,
,,,,,,,,,,,,,,,,,,,,,,,,,,,,,,,,,,,,,,,,,,,
,,,,,,,,,,,,,,,,,,,,,,,,,,,,,,,,,,,,,,,,,,,
,,,,,,,,,,,,,,,,,,,,,,,,,,,,,,,,,,,,,,,,,,,
3080000,PHMB120073080033042100004,2007-12-12,,01,영업/정상,13,영업중,,,,,02-985-3542,,,서울특별시 강북구 미아동 131번지 30호,"서울특별시 강북구 도봉로 136, 7층 (미아동, 풍양회관)",01161,맘스텔라산후조리원,2024-08-30 11:10,U,01:00.0,,202465.0425,457640.2398,,,,,,,,,,,,,,,,,,,
3060000,PHMB120153060034042100001,2015-03-03,,01,영업/정상,13,영업중,,,,,02-3421-5553,,131-131,서울특별시 중랑구 신내동 317번지 6호,서울특별시 중랑구 신내로16길 76 (신내동),02053,레피리움시그니처신내 산후조리원,2025-01-03 10:51,U,05:00.0,,208768.6285,456722.5584,,,,,,,,,,,,,,,,,,,
,,,,,,,,,,,,,,,,,,,,,,,,,,,,,,,,,,,,,,,,,,,
,,,,,,,,,,,,,,,,,,,,,,,,,,,,,,,,,,,,,,,,,,,
,,,,,,,,,,,,,,,,,,,,,,,,,,,,,,,,,,,,,,,,,,,
,,,,,,,,,,,,,,,,,,,,,,,,,,,,,,,,,,,,,,,,,,,
3100000,PHMB120153100034042100001,20151118,,01,영업/정상,13,영업중,,,,,02-949-2223,,,,"서울특별시 노원구 노원로 240 (하계동, 백경빌딩)",01750,(주)더블레스 산후조리원,2015-11-18 11:03,I,59:59.0,,206509.8713,459672.8607,29,29,1393,67.6,,28.5,15.5,,,30,4,7,0,2,1,,6,1,0
,,,,,,,,,,,,,,,,,,,,,,,,,,,,,,,,,,,,,,,,,,,
,,,,,,,,,,,,,,,,,,,,,,,,,,,,,,,,,,,,,,,,,,,
,,,,,,,,,,,,,,,,,,,,,,,,,,,,,,,,,,,,,,,,,,,
,,,,,,,,,,,,,,,,,,,,,,,,,,,,,,,,,,,,,,,,,,,
,,,,,,,,,,,,,,,,,,,,,,,,,,,,,,,,,,,,,,,,,,,
,,,,,,,,,,,,,,,,,,,,,,,,,,,,,,,,,,,,,,,,,,,
,,,,,,,,,,,,,,,,,,,,,,,,,,,,,,,,,,,,,,,,,,,
3110000,PHMB120193110032042100002,20191018,,01,영업/정상,13,영업중,,,,,02-388-5638,,,서울특별시 은평구 대조동 38번지 19호,"서울특별시 은평구 진흥로 133, A동 (대조동)",03395,더은혜산후조리원,2019-11-04 13:46,U,40:00.0,,193284.9407,456206.2244,21,21,295.64,38.07,21.32,0,6.64,40,72,9.54,3,7,0,0,0,0,6,5,1
3120000,PHMB120113120033042100001,2011-05-13,,01,영업/정상,13,영업중,,2024-06-01,2024-06-30,,02-362-7500,,,서울특별시 서대문구 대현동 101-7 혜우빌딩 601호,"서울특별시 서대문구 신촌역로 10, 6층 601호 (대현동, 혜우빌딩)",03766,(주) 레피리움네이쳐 산후조리원,2024-07-03 17:49,U,05:00.0,,194908.9612,450597.7575,,,,,,,,,,,,,,,,,,,
3110000,PHMB120113110032042100001,20110616,,01,영업/정상,13,영업중,,,,,355-0069,,122030,"서울특별시 은평구 대조동 179번지 12호 (3,4,5층)",서울특별시 은평구 서오릉로 82 (대조동),,아이젤 산후조리원,2021-12-08 18:08,U,40:00.0,,193047.2278,456161.9907,23,23,311.51,43.9,12.7,41,19.3,0,7.69,10.8,3,8,0,2,2,0,3,3,0
,,,,,,,,,,,,,,,,,,,,,,,,,,,,,,,,,,,,,,,,,,,
3100000,PHMB120103100034042100001,2013-02-27,,01,영업/정상,13,영업중,,,,,02-935-7979,,,서울특별시 노원구 상계동 936-2 미네르바빌딩 5층,"서울특별시 노원구 수락산로 232, 미네르바빌딩 5층 (상계동)",01615,제이미 산후조리원,2025-02-18 20:06,U,00:00.0,,204596.6288,463189.7126,,,,,,,,,,,,,,,,,,,
,,,,,,,,,,,,,,,,,,,,,,,,,,,,,,,,,,,,,,,,,,,
,,,,,,,,,,,,,,,,,,,,,,,,,,,,,,,,,,,,,,,,,,,
3100000,PHMB120083100034042100001,20080630,,01,영업/정상,13,영업중,,,,,02-904-8034,,139851,서울특별시 노원구 월계2동 776번지 월계프라자5층,"서울특별시 노원구 초안산로5길 12 (월계동,월계프라자5층)",,와이엘산후조리원,2022-12-29 10:09,U,01:00.0,,204489.9982,458912.0831,,,,,,,,,,,,,,,,,,,
3110000,PHMB120193110032042100001,20190612,,01,영업/정상,13,영업중,,,,,02-6941-1231,,,서울특별시 은평구 불광동 311번지 13호 메트로타워,"서울특별시 은평구 통일로 856, 메트로타워 8층 (불광동)",03345,레피리움시그니쳐은평산후조리원,2022-08-26 16:34,U,08:00.0,,192998.2022,457479.9952,,,,,,,,,,,,,,,,,,,
3130000,PHMB120063130033042100002,20080306,,01,영업/정상,13,영업중,,,,,3142-1212,,121232,서울특별시 마포구 망원2동 474번지 3호,서울특별시 마포구 월드컵로 155 (망원동),,아이린산후조리원 망원점,2021-12-30 11:30,U,40:00.0,,191528.6644,451015.1164,12,12,195,62,14,48,8,102,3.4,10,3,9,0,2,1,0,6,4,1
,,,,,,,,,,,,,,,,,,,,,,,,,,,,,,,,,,,,,,,,,,,
,,,,,,,,,,,,,,,,,,,,,,,,,,,,,,,,,,,,,,,,,,,
3140000,PHMB120213140033042100001,20210629,,01,영업/정상,13,영업중,,,,,02)2698-3588,,,,"서울특별시 양천구 화곡로 64, 동화빌딩 2층 (신월동)",07904,보네르아샤 산후조리원,2021-07-01 15:37,I,22:53.0,,184806.9115,448551.4892,17,17,377.63,45.9,,28.41,23.85,,43.52,12.7,,,,,,,0,,
3140000,PHMB120173140033042100001,20170824,,01,영업/정상,13,영업중,,,,,,,,서울특별시 양천구 목동 513번지,"서울특별시 양천구 공항대로 610 (목동, 정종일산부인과)",07968,(주)포미즈타임산후조리원,2017-11-20 17:31,I,59:59.0,,188635.2309,449396.8064,6,6,180.55,21.5,16,,,,,,3,,,,,,0,,
,,,,,,,,,,,,,,,,,,,,,,,,,,,,,,,,,,,,,,,,,,,
3140000,PHMB120183140033042100001,20180626,,01,영업/정상,13,영업중,,,,,02)6927-3647,,,서울특별시 양천구 신정동 943번지 19호,"서울특별시 양천구 중앙로 300, 시온빌딩 6~8층 (신정동)",08019,목동제일산후조리원,2018-06-27 12:17,I,59:59.0,,186831.1584,446764.9159,14,14,274.85,31.47,,,12.96,5.37,,,2,2,,,,,3,3,
,,,,,,,,,,,,,,,,,,,,,,,,,,,,,,,,,,,,,,,,,,,
,,,,,,,,,,,,,,,,,,,,,,,,,,,,,,,,,,,,,,,,,,,
3130000,PHMB120063130033042100003,2006-12-07,,01,영업/정상,13,영업중,,2021-07-17,2021-09-30,,02-3142-3003,,121-843,서울특별시 마포구 성산1동 56번지 3호 CS타워 10층,"서울특별시 마포구 월드컵북로 137 (성산동,CS타워 10층)",,주식회사 레피리움시그니처 홍대 산후조리원,2024-06-19 15:09,U,01:00.0,,192136.276,451398.6615,,,,,,,,,,,,,,,,,,,
3140000,PHMB120103140033042100002,2010-08-13,,01,영업/정상,13,영업중,,2017-11-22,2017-12-31,,02-2619-1000,,158-865,서울특별시 양천구 신정3동 1287번지 8호,"서울특별시 양천구 남부순환로 654, 진덕빌딩 10층 (신정동)",08054,밝은미래산후조리원,2024-10-02 17:22,U,04:00.0,,185937.6528,445396.4164,,,,,,,,,,,,,,,,,,,
3110000,PHMB120113110032042100003,2011-08-18,,01,영업/정상,13,영업중,,2022-12-03,2023-01-02,,,,122-819,서울특별시 은평구 구산동 1번지 24호  상원빌딩 5층,"서울특별시 은평구 서오릉로 145 (구산동,상원빌딩 5층)",,아쉐르 산후조리원 은평점,2024-11-26 13:23,U,08:00.0,,192563.8745,456570.0846,,,,,,,,,,,,,,,,,,,
3130000,PHMB120123130033042100001,2012-12-11,,01,영업/정상,13,영업중,,2021-09-18,2021-10-05,,02-306-2617,,,서울특별시 마포구 상암동 1751,"서울특별시 마포구 월드컵북로 497, 3층301호,4,5층 (상암동)",03902,맘스밀리 산후조리원 상암점,2024-12-17 17:37,U,09:00.0,,189286.6995,453577.0731,,,,,,,,,,,,,,,,,,,
,,,,,,,,,,,,,,,,,,,,,,,,,,,,,,,,,,,,,,,,,,,
,,,,,,,,,,,,,,,,,,,,,,,,,,,,,,,,,,,,,,,,,,,
,,,,,,,,,,,,,,,,,,,,,,,,,,,,,,,,,,,,,,,,,,,
,,,,,,,,,,,,,,,,,,,,,,,,,,,,,,,,,,,,,,,,,,,
,,,,,,,,,,,,,,,,,,,,,,,,,,,,,,,,,,,,,,,,,,,
3150000,PHMB120123150037042100001,20120618,,01,영업/정상,13,영업중,,,,,2653-3588,,157896,서울특별시 강서구 화곡4동 775번지 5호,서울특별시 강서구 등촌로 45 (화곡동),07741,(주)목동라테라산후조리원,2020-01-23 17:48,U,40:00.0,,187851.9075,447977.5219,16,16,370.64,37.2,,26.4,10.5,,13.8,73.8,3,6,,2,2,3,6,5,1
,,,,,,,,,,,,,,,,,,,,,,,,,,,,,,,,,,,,,,,,,,,
,,,,,,,,,,,,,,,,,,,,,,,,,,,,,,,,,,,,,,,,,,,
,,,,,,,,,,,,,,,,,,,,,,,,,,,,,,,,,,,,,,,,,,,
,,,,,,,,,,,,,,,,,,,,,,,,,,,,,,,,,,,,,,,,,,,
3160000,PHMB120123160034042100001,2012-08-02,,01,영업/정상,13,영업중,,2023-04-08,2023-04-13,,2682-2400,,,서울특별시 구로구 오류동 159번지 삼성미래여성병원,"서울특별시 구로구 서해안로 2296, 삼성미래여성병원 오류동 3~6층 (오류동)",08342,미래 산후조리원,2023-04-14 14:00,U,06:00.0,,185818.0058,443237.9274,,,,,,,,,,,,,,,,,,,
3150000,PHMB120073150037042100004,2007-06-01,,01,영업/정상,13,영업중,,,,,,,,서울특별시 강서구 화곡동 1031번지 6호,서울특별시 강서구 강서로 198 (화곡동),07698,리베 산후조리원 강서점,2024-07-29 13:51,U,01:00.0,,185663.2695,449087.6224,,,,,,,,,,,,,,,,,,,
3140000,PHMB120073140033042100002,2007-10-01,,01,영업/정상,13,영업중,,,,,02-2061-6001,,,서울특별시 양천구 목동 713-5 상진지오벨리,"서울특별시 양천구 목동중앙남로3가길 127, 2층 (목동, 상진지오벨리)",07957,뉴이자르 산후조리원 목동점,2024-04-08 10:14,U,00:00.0,,187908.6115,448799.3087,,,,,,,,,,,,,,,,,,,
3150000,PHMB120153150037042100002,2015-06-25,,01,영업/정상,13,영업중,,,,,3661-1115,,,,서울특별시 강서구 양천로 354 (가양동),07573,르베르쏘 산후조리원,2024-06-26 16:27,U,08:00.0,,185950.6964,451746.2525,,,,,,,,,,,,,,,,,,,
3150000,PHMB120123150037042100002,2012-11-28,,01,영업/정상,13,영업중,,,,,02-2083-0600,,,서울특별시 강서구 등촌동 632번지 6호 파인블루빌딩,"서울특별시 강서구 양천로 600, 파인블루빌딩 (등촌동)",07552,맘스밀리산후조리원강서,2024-11-12 17:16,U,04:00.0,,187974.2289,450369.1654,,,,,,,,,,,,,,,,,,,
3150000,PHMB120203150037042100001,2020-09-23,,01,영업/정상,13,영업중,,,,,02-2694-3588,,,서울특별시 강서구 화곡동 1126-3 르베르쏘,"서울특별시 강서구 공항대로48길 13-5, 르베르쏘 (화곡동)",07655,주식회사 에빠토르베르쏘 산후조리원,2024-10-22 10:47,U,04:00.0,,187164.3808,450207.369,,,,,,,,,,,,,,,,,,,
,,,,,,,,,,,,,,,,,,,,,,,,,,,,,,,,,,,,,,,,,,,
3160000,PHMB120123160034042100002,20121205,,01,영업/정상,13,영업중,,,,,02-2688-6200,,,,"서울특별시 구로구 천왕로 106, 5층 (오류동)",08365,로얄사임당 산후조리원 천왕점,2018-09-11 9:59,U,59:59.0,,185721.91202600000  ,442967.06766400000  ,13,13,191.68,24.19,0,8,5.7,,,,3,5,,1,,1,5,5,
3160000,PHMB120133160034042100001,20131007,,01,영업/정상,13,영업중,,,,,028559911,,,서울특별시 구로구 구로동 25번지,"서울특별시 구로구 새말로 94, 7~8층 (구로동)",08289,아름제일 산후조리원 1관,2020-04-16 17:34,U,40:00.0,,190244.829,444811.2382,14,14,266.47,27.42,,59.15,2.95,,8.95,12.21,3,9,0,3,,,0,5,
3160000,PHMB120153160034042100001,20150723,,01,영업/정상,13,영업중,,,,,02-2060-9315,,,,"서울특별시 구로구 경인로 322, 3~4층 (개봉동, 민전산부인과)",08274,민전 산후조리원,2021-02-16 17:56,U,40:00.0,,187190.1114,443880.3462,16,16,232,32.4,,30,23,3.1,,,3,4,,2,1,1,3,3,
,,,,,,,,,,,,,,,,,,,,,,,,,,,,,,,,,,,,,,,,,,,
,,,,,,,,,,,,,,,,,,,,,,,,,,,,,,,,,,,,,,,,,,,
3160000,PHMB119863160034042100001,1986-12-17,,01,영업/정상,13,영업중,,,,,854-0818,,,서울특별시 구로구 구로동 806번지 60호,서울특별시 구로구 구로동로8길 18 (구로동),08320,김삼순조산원,2025-01-20 16:28,D,02:00.0,,189870.0909,442718.799,,,,,,,,,,,,,,,,,,,
,,,,,,,,,,,,,,,,,,,,,,,,,,,,,,,,,,,,,,,,,,,
,,,,,,,,,,,,,,,,,,,,,,,,,,,,,,,,,,,,,,,,,,,
,,,,,,,,,,,,,,,,,,,,,,,,,,,,,,,,,,,,,,,,,,,
,,,,,,,,,,,,,,,,,,,,,,,,,,,,,,,,,,,,,,,,,,,
,,,,,,,,,,,,,,,,,,,,,,,,,,,,,,,,,,,,,,,,,,,
,,,,,,,,,,,,,,,,,,,,,,,,,,,,,,,,,,,,,,,,,,,
,,,,,,,,,,,,,,,,,,,,,,,,,,,,,,,,,,,,,,,,,,,
,,,,,,,,,,,,,,,,,,,,,,,,,,,,,,,,,,,,,,,,,,,
,,,,,,,,,,,,,,,,,,,,,,,,,,,,,,,,,,,,,,,,,,,
3170000,PHMB120143170035042100001,2014-09-12,,01,영업/정상,13,영업중,,,,,02-2109-3003,,153-812,서울특별시 금천구 독산동 288번지 3호,"서울특별시 금천구 시흥대로 415, 4~5층 (독산동, DDS빌딩)",08523,M.J 산후조리원,2025-02-19 10:46,U,01:00.0,,190877.9899,440964.4385,,,,,,,,,,,,,,,,,,,
3180000,PHMB120143180034042100001,20141205,,01,영업/정상,13,영업중,,,,,02-3667-3579,,150096,서울특별시 영등포구 문래동6가 5번지 2호 문래아카데미,서울특별시 영등포구 선유로 59 (문래동6가),07281,주식회사 리더스 산후조리원,2020-12-18 15:20,U,40:00.0,,190114.1837,446343.4894,20,20,412,47,7.6,25,9,3.38,3.38,11.7,3,16,0,1,1,1,9,6,3
3180000,PHMB120113180034042100001,20110124,,01,영업/정상,13,영업중,,20210614,20210628,,02-2679-5005,,,,"서울특별시 영등포구 선유로 63 (문래동6가, EEU동신타워)",07281,주식회사 라솜산후조리원,2021-06-29 17:30,U,40:00.0,,190121.3083,446385.2841,16,16,15.9,31.4,9.86,0,7.39,0,3.18,0,4,10,0,2,0,0,11,8,3
,,,,,,,,,,,,,,,,,,,,,,,,,,,,,,,,,,,,,,,,,,,
,,,,,,,,,,,,,,,,,,,,,,,,,,,,,,,,,,,,,,,,,,,
,,,,,,,,,,,,,,,,,,,,,,,,,,,,,,,,,,,,,,,,,,,
,,,,,,,,,,,,,,,,,,,,,,,,,,,,,,,,,,,,,,,,,,,
,,,,,,,,,,,,,,,,,,,,,,,,,,,,,,,,,,,,,,,,,,,
,,,,,,,,,,,,,,,,,,,,,,,,,,,,,,,,,,,,,,,,,,,
,,,,,,,,,,,,,,,,,,,,,,,,,,,,,,,,,,,,,,,,,,,
,,,,,,,,,,,,,,,,,,,,,,,,,,,,,,,,,,,,,,,,,,,
,,,,,,,,,,,,,,,,,,,,,,,,,,,,,,,,,,,,,,,,,,,
,,,,,,,,,,,,,,,,,,,,,,,,,,,,,,,,,,,,,,,,,,,
,,,,,,,,,,,,,,,,,,,,,,,,,,,,,,,,,,,,,,,,,,,
,,,,,,,,,,,,,,,,,,,,,,,,,,,,,,,,,,,,,,,,,,,
,,,,,,,,,,,,,,,,,,,,,,,,,,,,,,,,,,,,,,,,,,,
3180000,PHMB120153180034042100001,2015-05-15,,01,영업/정상,13,영업중,,,,,02-2068-6167,,150-038,서울특별시 영등포구 영등포동8가 80번지 1호,"서울특별시 영등포구 영중로 140 (영등포동8가, 영중로 140)",07226,더 아이리스 산후조리원,2024-03-22 14:29,U,04:00.0,,191628.2811,447397.3806,,,,,,,,,,,,,,,,,,,
3190000,PHMB120163190033042100001,2016-09-28,,01,영업/정상,13,영업중,,,,,,,,,"서울특별시 동작구 보라매로5가길 16 (신대방동, 보라매아카데미타워)",07071,카리스산후조리원(보라매점),2024-09-26 13:06,U,08:00.0,,193218.364,443239.5811,,,,,,,,,,,,,,,,,,,
,,,,,,,,,,,,,,,,,,,,,,,,,,,,,,,,,,,,,,,,,,,
,,,,,,,,,,,,,,,,,,,,,,,,,,,,,,,,,,,,,,,,,,,
,,,,,,,,,,,,,,,,,,,,,,,,,,,,,,,,,,,,,,,,,,,
,,,,,,,,,,,,,,,,,,,,,,,,,,,,,,,,,,,,,,,,,,,
3200000,PHMB120123200033042100003,2012-05-15,,01,영업/정상,13,영업중,,,,,02-873-1112,,,,서울특별시  남부순환로 1802,08786,로얄사임당산후조리원,2023-11-21 10:14,U,03:00.0,,195537.2695,442122.2022,,,,,,,,,,,,,,,,,,,
,,,,,,,,,,,,,,,,,,,,,,,,,,,,,,,,,,,,,,,,,,,
,,,,,,,,,,,,,,,,,,,,,,,,,,,,,,,,,,,,,,,,,,,
3210000,PHMB120063210034042100002,20061206,,01,영업/정상,13,영업중,,,,,02-532-1633,,137829,서울특별시 서초구 방배본동 783번지 26호 로얄쇼핑센터 3층,"서울특별시 서초구 동작대로 172 (방배동,로얄쇼핑센터 3층)",,(주)와이케이동그라미 레피리움 강남지점,2020-09-03 16:59,U,40:00.0,,198438.3386,443294.8359,14,14,16.5,48,16.5,20,7,15,6.6,16.5,3,4,,,,,0,,
3210000,PHMB120123210034042100001,20120201,,01,영업/정상,13,영업중,,,,,02-533-6169,,137855,서울특별시 서초구 서초4동 1302번지 4호 2~6층,서울특별시 서초구 서운로 216 (서초동),06609,(주)사임당아모리움산후조리원,2020-09-03 16:58,U,40:00.0,,201862.3576,444462.6261,28,28,547.8,68.32,24.33,30.54,15.2,79.2,60,38.5,6,8,,1,1,,8,6,2
3210000,PHMB120123210034042100002,20120524,,01,영업/정상,13,영업중,,20190601,20190624,,535-3853,,137803,서울특별시 서초구 반포4동 54번지 1호 쌍동빌딩서관 6층,"서울특별시 서초구 고무래로 22 (반포동, 쌍동빌딩서관 6층)",06593,(주)센트리움산후조리원,2019-07-04 11:10,U,40:00.0,,200878.3422,444477.6883,17,18,417.04,46,10,41.44,10.3,,3.08,16.04,4,5,1,1,1,1,6,6,
,,,,,,,,,,,,,,,,,,,,,,,,,,,,,,,,,,,,,,,,,,,
,,,,,,,,,,,,,,,,,,,,,,,,,,,,,,,,,,,,,,,,,,,
,,,,,,,,,,,,,,,,,,,,,,,,,,,,,,,,,,,,,,,,,,,
,,,,,,,,,,,,,,,,,,,,,,,,,,,,,,,,,,,,,,,,,,,
,,,,,,,,,,,,,,,,,,,,,,,,,,,,,,,,,,,,,,,,,,,
3210000,PHMB120113210034042100001,2011-12-08,,01,영업/정상,13,영업중,,,,,537-3232,,,"서울특별시 서초구 반포동 107번지 45호 부림빌딩 7,8층","서울특별시 서초구 사평대로18길 10, 부림빌딩 7,8층 (반포동)",06575,서래 네송스 산후조리원,2023-12-05 11:53,U,07:00.0,,199540.0586,444026.8002,,,,,,,,,,,,,,,,,,,
,,,,,,,,,,,,,,,,,,,,,,,,,,,,,,,,,,,,,,,,,,,
,,,,,,,,,,,,,,,,,,,,,,,,,,,,,,,,,,,,,,,,,,,
,,,,,,,,,,,,,,,,,,,,,,,,,,,,,,,,,,,,,,,,,,,
,,,,,,,,,,,,,,,,,,,,,,,,,,,,,,,,,,,,,,,,,,,
,,,,,,,,,,,,,,,,,,,,,,,,,,,,,,,,,,,,,,,,,,,
,,,,,,,,,,,,,,,,,,,,,,,,,,,,,,,,,,,,,,,,,,,
,,,,,,,,,,,,,,,,,,,,,,,,,,,,,,,,,,,,,,,,,,,
,,,,,,,,,,,,,,,,,,,,,,,,,,,,,,,,,,,,,,,,,,,
3220000,PHMB120183220033042100002,20180817,,01,영업/정상,13,영업중,,,,,02)579-0303,,,서울특별시 강남구 자곡동 635번지 1~3층,"서울특별시 강남구 자곡로 110, 고수일레븐 1~3층 (자곡동)",06373,엘 산후조리원,2022-12-05 13:46,U,07:00.0,,208396.7434,441093.9499,,,,,,,,,,,,,,,,,,,
3220000,PHMB120163220033042100002,2016-06-09,,01,영업/정상,13,영업중,,2024-04-15,2024-04-27,,02-555-9550,,,,서울특별시 강남구 언주로107길 35 (역삼동),06136,궁산후조리원 강남본원지점,2024-04-26 20:13,U,08:00.0,,203146.4193,444976.0795,,,,,,,,,,,,,,,,,,,
3220000,PHMB120143220033042100001,20140225,,01,영업/정상,13,영업중,,20171129,20171220,,02-508-0013,,,서울특별시 강남구 삼성동 151번지 1호 SISOMO TOWER,"서울특별시 강남구 삼성로 548, SISOMO TOWER 2~4층 (삼성동)",06166,트리니티산후조리원(삼성점),2019-11-07 16:05,U,40:00.0,,204796.529,445378.7162,19,24,355.5,50.2,6.6,,,23,26.5,10.2,4,12,,1,2,3,11,7,4
3220000,PHMB120143220033042100002,20140401,,01,영업/정상,13,영업중,,,,,02-3453-4628,,,서울특별시 강남구 역삼동 785번지 12호 3~5층,"서울특별시 강남구 언주로 303, 3~5층 (역삼동)",06230,(주)그녀의 정원 드라마,2019-11-12 17:58,U,40:00.0,,204004.3284,443597.9801,22,22,302.09,26.22,12,56.2,0,,9.7,10.41,18,0,1,5,3,6,10,8,2
3220000,PHMB120163220033042100001,20160315,,01,영업/정상,13,영업중,,,,,02-3453-4628,,,,서울특별시 강남구 언주로 303 (역삼동),06230,주식회사 드라마글로벌 산후조리원,2016-03-15 17:10,I,59:59.0,,204004.3284,443597.9801,7,7,221.07,17.15,9.32,0,0,6.29,21.81,43.29,3,0,0,0,3,0,8,6,2
3220000,PHMB120163220033042100003,2016-09-01,,01,영업/정상,13,영업중,,,,,02-512-0500,,,서울특별시 강남구 신사동 638번지 1호 윤호병원 5~6층,"서울특별시 강남구 압구정로 304, 윤호병원 5~6층 (신사동)",06017,윤호 산후조리원,2024-07-22 10:09,U,04:00.0,,202969.6391,447402.2995,,,,,,,,,,,,,,,,,,,
3220000,PHMB120163220033042100004,2016-11-17,,01,영업/정상,13,영업중,,,,,02-3471-2233,,,서울특별시 강남구 청담동 70-4,"서울특별시 강남구 학동로97길 21-3, 청담마리더블레스 (청담동)",06072,청담마리더블레스 산후조리원,2024-05-03 16:32,U,05:00.0,,204785.4371,446530.4444,,,,,,,,,,,,,,,,,,,
3220000,PHMB120093220033042100002,2009-03-23,,01,영업/정상,13,영업중,,2020-05-31,2020-07-20,,518-9782,,,"서울특별시 강남구 삼성동 63번지 12호 B1,1,2층","서울특별시 강남구 삼성로120길 30, B1,1,2층 (삼성동)",06085,Saint park 산후조리원,2024-08-11 16:14,U,03:00.0,,204670.6989,446164.9208,,,,,,,,,,,,,,,,,,,
3220000,PHMB120143220033042100003,2014-06-18,,01,영업/정상,13,영업중,,,,,02-577-8677,,,서울특별시 강남구 도곡동 941번지 8호 1~7층,"서울특별시 강남구 도곡로6길 13, 1~7층 (도곡동)",06259,주식회사 맘스밀리 산후조리원 강남점,2025-01-15 13:21,U,07:00.0,,202983.0709,443022.2054,,,,,,,,,,,,,,,,,,,
3220000,PHMB120123220033042100001,20120308,,01,영업/정상,13,영업중,,,,,547-5047,,,서울특별시 강남구 삼성동 101번지 1호,"서울특별시 강남구 봉은사로111길 111-13 (삼성동, 마당빌딩)",06083,더 궁 산후조리원,2019-04-10 15:00,U,40:00.0,,205685.2062,445991.7229,17,17,360.5,29,6,29.4,10.6,4.5,4.5,8.2,8,4,,1,1,,7,5,2
3220000,PHMB120123220033042100002,20120316,,01,영업/정상,13,영업중,,,,,3446-3434,,,서울특별시 강남구 논현동 90번지 1호,"서울특별시 강남구 언주로 707, MH빌딩 12,13층 (논현동)",06053,M&H 산후조리원,2021-02-23 11:11,U,40:00.0,,203026.2726,446000.9473,16,16,330.31,35.64,,,15,,,,11,15,,4,3,,17,15,2
,,,,,,,,,,,,,,,,,,,,,,,,,,,,,,,,,,,,,,,,,,,
,,,,,,,,,,,,,,,,,,,,,,,,,,,,,,,,,,,,,,,,,,,
,,,,,,,,,,,,,,,,,,,,,,,,,,,,,,,,,,,,,,,,,,,
,,,,,,,,,,,,,,,,,,,,,,,,,,,,,,,,,,,,,,,,,,,
,,,,,,,,,,,,,,,,,,,,,,,,,,,,,,,,,,,,,,,,,,,
,,,,,,,,,,,,,,,,,,,,,,,,,,,,,,,,,,,,,,,,,,,
,,,,,,,,,,,,,,,,,,,,,,,,,,,,,,,,,,,,,,,,,,,
,,,,,,,,,,,,,,,,,,,,,,,,,,,,,,,,,,,,,,,,,,,
3230000,PHMB120173230034042100001,20170131,,01,영업/정상,13,영업중,,,,,02-6425-1600,,,,서울특별시 송파구 양재대로60길 3 (가락동),05708,포유문산후조리원,2017-02-02 8:53,I,59:59.0,,210251.5905,444061.4085,23,23,340.08,39.3,14.57,54.95,17.2,,4.9,6.7,2,5,,1,2,,6,6,
3230000,PHMB120093230034042100001,2009-07-02,,01,영업/정상,13,영업중,,,,,414-3322,,138-840,서울특별시 송파구 삼전동 111번지 선프라지빌딩6.7층,"서울특별시 송파구 석촌호수로 156 (삼전동, 선플라자빌딩 6,7층)",05601,라렌느산후조리원,2024-07-15 9:13,U,07:00.0,,208265.8291,444957.4634,,,,,,,,,,,,,,,,,,,
3230000,PHMB120073230034042100002,20070208,,01,영업/정상,13,영업중,,,,,02-3401-3838,,138110,서울특별시 송파구 거여동 293번지 1호 6층,"서울특별시 송파구 양산로 12 (거여동, 6층)",05787,(주)푸른잎산후조리원,2019-04-30 15:05,U,40:00.0,,212631.9687,443089.5432,16,16,,38.4,,,,,,,3,7,,,,3,1,1,
3230000,PHMB120103230034042100001,20100323,,01,영업/정상,13,영업중,,,,,4843710,,138190,"서울특별시 송파구 석촌동 182번지 2호 4,5층","서울특별시 송파구 송파대로49길 3 (석촌동, 4,5층)",05609,라벨메르산후조리원,2018-08-31 9:50,I,59:59.0,,209121.4518,445062.8653,15,15,378.57,52.31,9.82,,,,,,4,6,,,,,0,,
3230000,PHMB120113230034042100001,20110513,,01,영업/정상,13,영업중,,,,,02-3401-1004,,138855,서울특별시 송파구 오금동 4번지 14호,"서울특별시 송파구 중대로 317, 세우빌딩 3,4층 (오금동)",05654,소피아산후조리원,2021-07-14 10:54,U,40:00.0,,211725.2575,445195.4821,20,20,320,54,20,57,10,33,66,10,4,2,0,2,1,2,0,0,0
,,,,,,,,,,,,,,,,,,,,,,,,,,,,,,,,,,,,,,,,,,,
3230000,PHMB120163230034042100001,2016-04-05,,01,영업/정상,13,영업중,,2024-11-18,2024-11-22,,02-413-0035,,,서울특별시 송파구 석촌동 24번지 3호 201호,"서울특별시 송파구 석촌호수로 210, 201호 (석촌동)",05611,베르사유산후조리원,2024-11-21 15:58,U,03:00.0,,208805.0425,444931.8403,,,,,,,,,,,,,,,,,,,
,,,,,,,,,,,,,,,,,,,,,,,,,,,,,,,,,,,,,,,,,,,
,,,,,,,,,,,,,,,,,,,,,,,,,,,,,,,,,,,,,,,,,,,
,,,,,,,,,,,,,,,,,,,,,,,,,,,,,,,,,,,,,,,,,,,
,,,,,,,,,,,,,,,,,,,,,,,,,,,,,,,,,,,,,,,,,,,
3240000,PHMB120113240033042100001,20181101,,01,영업/정상,13,영업중,,,,,02-486-3300,,,,"서울특별시 강동구 강동대로 143-64, 태창타워 (성내동)",05398,트리니티산후조리원 강동송파점,2020-12-07 17:56,U,40:00.0,,210544.0197,447320.3729,15,14,364.86,24.7,18,23.94,5.76,57.6,57.6,8.93,3,2,1,1,,2,11,9,2
,,,,,,,,,,,,,,,,,,,,,,,,,,,,,,,,,,,,,,,,,,,
3230000,PHMB120123230034042100001,20120919,,01,영업/정상,13,영업중,,,,,1661-3118,,,,서울특별시 송파구 마천로 4(방이동),05645,레이나 산후조리원,2022-11-01 14:11,U,03:00.0,,210671.7069,445341.4249,,,,,,,,,,,,,,,,,,,
3240000,PHMB120123240033042100001,20120518,,01,영업/정상,13,영업중,,,,,02) 3428-3535,,,서울특별시 강동구 강일동 679번지 2호 MIDC빌딩,"서울특별시 강동구 아리수로 421, MIDC빌딩 7,8층 (강일동)",05211,몽쉘베베산후조리원,2019-05-24 11:12,U,40:00.0,,215379.10005800000  ,451691.50520300000  ,19,19,415,58,8.23,45.2,15,,18,9.24,3,8,,1,1,1,14,10,4
3240000,PHMB120133240033042100002,20130723,,01,영업/정상,13,영업중,,,,,02-429-6777,,,서울특별시 강동구 명일동 306번지 7호 대은상가,"서울특별시 강동구 양재대로 1657-11, 대은상가 5층 (명일동)",05257,마벨 산후조리원,2022-01-24 13:51,U,40:00.0,,212603.195,450135.0087,21,21,441.3,46.54,7.18,36.5,24.3,24.78,71.4,15.3,3,9,0,1,0,0,7,5,2
3240000,PHMB120133240033042100003,20131227,,01,영업/정상,13,영업중,,,,,1661-0997,,,서울특별시 강동구 천호동 453-10 강동미즈산후조리원,"서울특별시 강동구 천호대로159길 13, 퍼스트스마일산후조리원 1층 (천호동)",05335,퍼스트스마일산후조리원,2022-01-05 11:40,U,40:00.0,,211206.541,448438.1305,44,44,773.96,104.32,39.92,192.13,53.94,0,203.85,19.19,5,10,1,6,6,0,8,6,2
3240000,PHMB120173240033042100001,20170828,,01,영업/정상,13,영업중,,,,,02-6483-0088,,,서울특별시 강동구 길동 366번지 2호 호석빌딩 4~5층 헤라산후조리원,"서울특별시 강동구 양재대로 1498 (길동, 호석빌딩)",05343,헤라산후조리원,2019-09-02 10:34,U,40:00.0,,212383.5141,448570.272,16,16,331.95,40.61,10.27,,5.58,17.6,42,10.2,4,6,,,,3,7,6,1
3240000,PHMB120073240033042100001,2007-05-23,,01,영업/정상,13,영업중,,,,,02) 472-6565,,,서울특별시 강동구 길동 416-6 우주빌딩,"서울특별시 강동구 성안로 156, 우주빌딩 4층 (길동)",05354,예그리나 산후조리원,2023-09-26 17:03,U,09:00.0,,211901.2456,448311.1957,,,,,,,,,,,,,,,,,,,
3240000,PHMB120183240033042100001,20181231,,01,영업/정상,13,영업중,,,,,02-341-4567,,,서울특별시 강동구 강일동 730번지 1호,"서울특별시 강동구 상일로12길 97, 강동드림산부인과 3층 (강일동)",05285,강동드림 산후조리원,2021-04-14 11:36,U,40:00.0,,215186.0994,450520.4625,15,15,200.17,35.61,8.01,35.31,2.25,,66.3,7.02,3,3,,,2,1,7,5,2
,,,,,,,,,,,,,,,,,,,,,,,,,,,,,,,,,,,,,,,,,,,
3240000,PHMB120063240033042100001,2006-12-08,,01,영업/정상,13,영업중,,,,,02) 485-0087,,,서울특별시 강동구 성내동 378 웰빙메디컬빌딩,"서울특별시 강동구 천호대로 1128, 웰빙메디컬빌딩 6~7층 (성내동)",05373,가율 산후조리원,2023-05-12 10:04,U,04:00.0,,211997.3743,447998.8142,,,,,,,,,,,,,,,,,,,
3240000,PHMB120063240033042100002,2006-10-17,,01,영업/정상,13,영업중,,,,,02) 485-2151,,,서울특별시 강동구 천호동 447 정산타워빌딩,"서울특별시 강동구 천호대로 1099, 정산타워빌딩 6층 (천호동)",05339,아쉐르 산후조리원,2024-08-26 11:52,U,08:00.0,,211785.0621,448178.1738,,,,,,,,,,,,,,,,,,,
,,,,,,,,,,,,,,,,,,,,,,,,,,,,,,,,,,,,,,,,,,,
3210000,PHMB120223210034042100001,20220701,,01,영업/정상,13,영업중,,,,,02-592-0020,,,서울특별시 서초구 방배동 783-24 왕실빌딩,"서울특별시 서초구 동작대로 172, 왕실빌딩 3층 50호 (방배동)",06559,sk산후조리원,2022-07-20 14:46,I,02:00.0,,198448.6806,443312.729,,,,,,,,,,,,,,,,,,,
3180000,PHMB120083180034042100001,20080229,,01,영업/정상,13,영업중,,20190101,20190228,,02-848-3579,,,,"서울특별시 영등포구 도신로 116, 대웅빌딩 (신길동)",07383,메르디앙 산후조리원,2022-09-08 10:33,U,00:00.0,,191534.964,445094.6129,,,,,,,,,,,,,,,,,,,
3240000,PHMB120163240033042100001,20160104,,01,영업/정상,13,영업중,,,,,,,05239,,"서울특별시 강동구 올림픽로 833, 매일우리아이센타 (암사동)",05239,(주)라파엘산후조리원,2022-10-12 10:54,U,04:00.0,,211338.1143,450358.803,,,,,,,,,,,,,,,,,,,
3140000,PHMB120113140033042100001,20110117,,01,영업/정상,13,영업중,,,,,02-2601-3588,,,서울특별시 양천구 신월동 550번지 3호 승일뷰티타워2,"서울특별시 양천구 신월로 164, 승일뷰티타워2 7층 (신월동)",08064,팰리스산후조리원,2022-10-05 17:18,U,07:00.0,,185962.8095,446176.171,,,,,,,,,,,,,,,,,,,
3150000,PHMB120153150037042100001,2015-06-16,,01,영업/정상,13,영업중,,2017-02-07,2017-02-15,,02-2664-6999,,,,"서울특별시 강서구 마곡중앙5로 81, 에스비타운 (마곡동)",07599,리베 산후조리원(마곡점),2023-07-19 14:21,U,01:00.0,,183902.0435,451664.2515,,,,,,,,,,,,,,,,,,,
3110000,PHMB120063110032042100001,2006-12-07,,01,영업/정상,13,영업중,,2022-04-08,2022-07-08,,02-309-7535,,122-924,"서울특별시 은평구 응암동 603번지 24호 연송빌딩 4,5층","서울특별시 은평구 응암로 164 (응암동,연송빌딩 4,5층)",,인정산후조리원,2024-01-30 15:30,U,01:00.0,,192562.8595,453813.9034,,,,,,,,,,,,,,,,,,,
3220000,PHMB120063220033042100003,2006-12-07,,01,영업/정상,13,영업중,,,,,02-3412-0101,,,"서울특별시 강남구 개포동 1239번지 17호 문화빌딩 5,6층","서울특별시 강남구 논현로 98, 문화빌딩 5,6층 (개포동)",06303,한아름산후조리원,2024-07-22 10:09,U,04:00.0,,203889.6943,441832.717,,,,,,,,,,,,,,,,,,,
