개방자치단체코드,관리번호,인허가일자,인허가취소일자,영업상태코드,영업상태명,상세영업상태코드,상세영업상태명,폐업일자,휴업시작일자,휴업종료일자,재개업일자,전화번호,소재지면적,소재지우편번호,지번주소,도로명주소,도로명우편번호,사업장명,최종수정일자,데이터갱신구분,데이터갱신일자,업태구분명,좌표정보(X),좌표정보(Y),임산부정원수,영유아정원수,임산부실면적,영유아실면적,모유수유실면적,급식시설면적,세탁실면적,목욕실면적,조리원화장실면적,사무실면적,간호사수,간호조무사수,영양사수,취사부수,미화원수,기타인원수,건물층수,지상층수,지하층수,경도,위도
3230000.0,PHMB120143230034042100001,2014-02-27,,1.0,영업/정상,13.0,영업중,,,,,024313535,,,,"서울특별시 송파구 충민로2길 20 (장지동, 송파산모건강증진센터)",5816.0,송파산모건강증진센터산후조리원,2023-04-18 11:16,U,00:00.0,,,,,,,,,,,,,,,,,,,,,,,127.1271424,37.4779372
,,,,,,,,,,,,,,,,,,,,,,,,,,,,,,,,,,,,,,,,,,,,,
3200000.0,PHMB120143200033042100001,2014-05-01,,1.0,영업/정상,13.0,영업중,,2023-04-13,2023-05-15,,02-889-0700,,,서울특별시 관악구 봉천동 463-4 메카플러스,"서울특별시 관악구 양녕로 46, 메카플러스 (봉천동)",8747.0,로얄산후조리원(봉천점),2023-06-27 11:58,U,09:00.0,,195274.3433,442663.4986,,,,,,,,,,,,,,,,,,,,126.9472995,37.4861622
3050000.0,PHMB120163050034042100002,2016-11-10,,1.0,영업/정상,13.0,영업중,,,,,02-2212-2582,,,서울특별시 동대문구 답십리동 492번지 2호 9층,"서울특별시 동대문구 천호대로 317, 9층 (답십리동, 하늘병원)",2622.0,블리스산후조리원,2023-05-08 17:21,U,00:00.0,,204831.4613,451444.506,,,,,,,,,,,,,,,,,,,,127.0556475,37.5651838
3150000.0,PHMB120113150037042100002,2011-03-17,,1.0,영업/정상,13.0,영업중,,2023-06-05,2023-06-30,,02-2659-0031,,157-200,서울특별시 강서구 가양동 1480번지 8호,"서울특별시 강서구 양천로 461, 5층 (가양동)",7526.0,퀸즈마리 산후조리원(가양점),2023-06-29 11:19,U,01:00.0,,186875.9942,451205.8351,,,,,,,,,,,,,,,,,,,,126.8522408,37.5630495
3090000.0,PHMB120083090033042100001,2008-08-26,,1.0,영업/정상,13.0,영업중,,2023-05-03,2023-05-31,,,,,서울특별시 도봉구 창동 731-1 에이치큐브병원,"서울특별시 도봉구 도봉로 604, 에이치큐브병원 7-8층 (창동)",1401.0,에이치큐브 산후조리원,2023-05-25 9:24,U,07:00.0,,203556.6616,461771.0544,,,,,,,,,,,,,,,,,,,,127.0410736,37.6583201
3110000.0,PHMB120073110032042100002,2007-02-01,,1.0,영업/정상,13.0,영업중,,,,,02-6010-0702,,122-923,"서울특별시 은평구 응암동 578번지 16호 4,5층",서울특별시 은평구 응암로 235 (응암동),3457.0,라솜 산후조리원 은평점,2023-05-24 15:41,U,07:00.0,,192652.478,454524.9793,,,,,,,,,,,,,,,,,,,,126.9176259,37.5930236
3140000.0,PHMB120153140033042100001,20150807,,1.0,영업/정상,13.0,영업중,,,,,02-6491-1001,,,서울특별시 양천구 목동 406번지 21호,서울특별시 양천구 오목로 325 (목동),8000.0,㈜레피리움시그니쳐,2022-04-12 15:56,U,04:00.0,,188767.5843,446998.232,,,,,,,,,,,,,,,,,,,,126.8737891,37.5249842
3220000.0,PHMB120143220033042100004,2014-09-05,,1.0,영업/정상,13.0,영업중,,,,,,,,서울특별시 강남구 삼성동 21 한섬빌딩,"서울특별시 강남구 삼성로 635, 한섬빌딩 (삼성동)",6091.0,(주)헤리티지산후조리원,2024-01-26 11:17,U,08:00.0,,204436.9708,446036.9815,,,,,,,,,,,,,,,,,,,,127.0510481,37.5165525
3220000.0,PHMB120233220033042100001,2023-11-02,,1.0,영업/정상,13.0,영업중,,,,,,,06100,,서울특별시 강남구 선릉로 629 (논현동),6100.0,ANIDAR 산후조리원,2025-01-16 15:04,U,08:00.0,,203691.2166,445630.9431,,,,,,,,,,,,,,,,,,,,127.0426382,37.5127294
3070000.0,PHMB120223070034042100001,20220401,,1.0,영업/정상,13.0,영업중,,,,,02-2088-7387,,,서울특별시 성북구 석관동 349-1 장위뉴타워 8층,"서울특별시 성북구 화랑로 248, 장위뉴타워 8층 (석관동)",2787.0,마리아산후조리원,2022-12-13 21:07,U,05:00.0,,204958.4055,456443.3872,,,,,,,,,,,,,,,,,,,,127.0569262,37.6104155
,,,,,,,,,,,,,,,,,,,,,,,,,,,,,,,,,,,,,,,,,,,,,
3010000.0,PHMB120143010033042100001,2014-12-31,,1.0,영업/정상,13.0,영업중,,,,,0222316375,,,,"서울특별시 중구 다산로36길 11, 동산빌딩 6,7층 (신당동)",4585.0,더드림산후조리원,2023-07-31 13:48,U,02:00.0,,201362.6956,451177.2225,,,,,,,,,,,,,,,,,,,,127.0162008,37.5628577
3190000.0,PHMB120133190033042100001,2013-07-09,,1.0,영업/정상,13.0,영업중,,,,,02-6496-5650,,,서울특별시 동작구 노량진동 311번지 8호,"서울특별시 동작구 장승배기로 108 (노량진동, 청화병원)",6925.0,청화병원부설산후조리원,2024-04-03 8:39,U,05:00.0,,194640.5137,444993.6777,,,,,,,,,,,,,,,,,,,,126.9402080,37.5070602
3220000.0,PHMB120243220033042100001,2024-10-29,,1.0,영업/정상,13.0,영업중,,,,,02-517-2419,,,서울특별시 강남구 삼성동 24-19,"서울특별시 강남구 삼성로115길 20-10, 노블5 산후조리원 1~4층 (삼성동)",6094.0,노블5 산후조리원,2024-10-29 17:59,I,01:00.0,,204373.7315,445875.0553,,,,,,,,,,,,,,,,,,,,127.0502601,37.5150971
,,,,,,,,,,,,,,,,,,,,,,,,,,,,,,,,,,,,,,,,,,,,,
3220000.0,PHMB120073220033042100001,2007-04-16,,1.0,영업/정상,13.0,영업중,,2017-05-29,2017-06-30,,02-546-3493,,,서울특별시 강남구 신사동 616번지 3호 1~5층,"서울특별시 강남구 압구정로38길 6, 1~5층 (신사동)",6023.0,호산산후조리원,2024-01-08 16:15,U,00:00.0,,202786.8159,447346.1256,,,,,,,,,,,,,,,,,,,,127.0323288,37.5283367
3150000.0,PHMB120083150037042100001,2008-12-16,,1.0,영업/정상,13.0,영업중,,2023-11-20,2024-02-27,,02-1644-3358,,,서울특별시 강서구 화곡동 1060번지 30호 R.U휘트니스,서울특별시 강서구 화곡로 191 (화곡동),7700.0,궁산후조리원 화곡지점,2024-02-27 14:02,U,09:00.0,,185983.8447,448981.9022,,,,,,,,,,,,,,,,,,,,126.8422746,37.5429423
3140000.0,PHMB120063140033042100003,2006-12-08,,1.0,영업/정상,13.0,영업중,,,,,,,158-861,서울특별시 양천구 신정1동 1026번지 1호,"서울특별시 양천구 신월로 338, 원빌딩 4층 (신정동)",8086.0,목동 굿맘 산후조리원,2024-09-02 15:31,U,04:00.0,,187415.9229,446600.1841,,,,,,,,,,,,,,,,,,,,126.8585440,37.5215371
3170000.0,PHMB120063170035042100002,2006-12-20,,1.0,영업/정상,13.0,영업중,,,,,02-851-1566,,,서울특별시 금천구 독산동 152-6 삼희빌딩,"서울특별시 금천구 시흥대로 429, 삼희빌딩 3층 (독산동)",8535.0,VIP산후조리원,2024-01-19 13:53,U,01:00.0,,190878.5472,441091.3736,,,,,,,,,,,,,,,,,,,,126.8977362,37.4719602
3150000.0,PHMB120243150037042100002,2024-06-25,,1.0,영업/정상,13.0,영업중,,,,,02-1833-4720,,,서울특별시 강서구 내발산동 680-12,서울특별시 강서구 강서로47길 20 (내발산동),7633.0,디어원 산후조리원,2024-06-28 9:59,U,00:00.0,,185359.4043,450080.0844,,,,,,,,,,,,,,,,,,,,126.8351609,37.5528680
3150000.0,PHMB120243150037042100003,2024-09-20,,1.0,영업/정상,13.0,영업중,,,,,02-2659-2026,,,서울특별시 강서구 등촌동 632-1,"서울특별시 강서구 양천로 588, 2~4층 (등촌동)",7552.0,미래아이굿맘스 산후조리원,2024-09-23 16:37,U,05:00.0,,187890.8735,450435.3374,,,,,,,,,,,,,,,,,,,,126.8637321,37.5561523
,,,,,,,,,,,,,,,,,,,,,,,,,,,,,,,,,,,,,,,,,,,,,
3040000.0,PHMB120073040033042100001,2007-06-20,,1.0,영업/정상,13.0,영업중,,,,,02-457-6020,,143-959,서울특별시 광진구 구의동 223번지 65호,서울특별시 광진구 구의로 28 (구의동),,예그리나 산후조리원,2025-01-17 15:06,U,09:00.0,,207866.8047,448680.6447,,,,,,,,,,,,,,,,,,,,127.0898096,37.5403055
3060000.0,PHMB120063060034042100001,2006-12-27,,1.0,영업/정상,13.0,영업중,,,,,02-496-3425,,131-809,서울특별시 중랑구 망우본동 488번지 8호 외1필지 에이동,"서울특별시 중랑구 망우로 411, 에이동 (망우동)",2073.0,아이맘-s산후조리원,2025-01-02 17:32,U,04:00.0,,208547.5606,455271.7903,,,,,,,,,,,,,,,,,,,,127.0978977,37.5996050
3220000.0,PHMB120183220033042100001,2018-06-01,,1.0,영업/정상,13.0,영업중,,,,,02)517-2433,,,서울특별시 강남구 청담동 55번지 19호 헤리티지산후조리원2호점,"서울특별시 강남구 영동대로141길 20, 헤리티지산후조리원2호점 (청담동)",6071.0,헤리티지 산후조리원 2호점,2024-01-26 11:16,U,08:00.0,,204624.996,446759.4272,,,,,,,,,,,,,,,,,,,,127.0532281,37.5231281
3150000.0,PHMB120243150037042100001,2024-02-19,,1.0,영업/정상,13.0,영업중,,,,,02-2039-3530,,,"서울특별시 강서구 마곡동 791-5 마곡파인스퀘어Ⅲ, 4,5층","서울특별시 강서구 마곡중앙8로5길 11, 마곡파인스퀘어Ⅲ 4,5층층 (마곡동)",7794.0,라엘르마곡 산후조리원 주식회사,2024-02-19 17:56,I,01:00.0,,185538.3865,451080.4699,,,,,,,,,,,,,,,,,,,,126.8370984,37.5619101
3100000.0,PHMB120133100034042100001,2013-02-06,,1.0,영업/정상,13.0,영업중,,,,,02-951-2300,,139-816,서울특별시 노원구 상계2동 363번지 10호,서울특별시 노원구 상계로7길 17 (상계동),1692.0,노원라테라산후조리원,2024-08-12 14:40,U,04:00.0,,205654.2769,461683.7802,,,,,,,,,,,,,,,,,,,,127.0648993,37.6575298
,,,,,,,,,,,,,,,,,,,,,,,,,,,,,,,,,,,,,,,,,,,,,
3000000.0,PHMB120153000034042100001,20151125,,1.0,영업/정상,13.0,영업중,,,,,02-763-5400,,,서울특별시 종로구 원남동 28번지 7호 창경빌딩,"서울특별시 종로구 율곡로 174, 창경빌딩 2,3,4층 (원남동)",3127.0,라솜산후조리원 창경궁지점,2021-03-01 11:15,U,40:00.0,,199750.9327,452592.7596,16.0,16.0,344.6,43.7,5.2,27.3,9.9,32.0,32.0,22.8,3.0,12.0,0.0,3.0,2.0,0.0,18.0,3.0,5.0,126.9979933,37.5756342
3000000.0,PHMB120163000034042100001,20160513,,1.0,영업/정상,13.0,영업중,,,,,02-738-3335,,110080,서울특별시 종로구 무악동 66번지 3호,서울특별시 종로구  통일로16길  4-1 (무악동),110080.0,올리비움산후조리원,2021-03-01 11:15,U,40:00.0,,196182.7231,452605.7129,60.0,60.0,2622.62,279.69,149.75,187.11,26.4,,,26.45,6.0,45.0,1.0,10.0,,21.0,11.0,5.0,1.0,126.9576048,37.5757649
,,,,,,,,,,,,,,,,,,,,,,,,,,,,,,,,,,,,,,,,,,,,,
,,,,,,,,,,,,,,,,,,,,,,,,,,,,,,,,,,,,,,,,,,,,,
,,,,,,,,,,,,,,,,,,,,,,,,,,,,,,,,,,,,,,,,,,,,,
3100000.0,PHMB120123100034042100002,2012-04-06,,1.0,영업/정상,13.0,영업중,,,,,,,139-816,서울특별시 노원구 상계2동 354번지 6호  호영빌딩 2-5층,"서울특별시 노원구 상계로5길 9 (상계동,호영빌딩 2-5층)",,(주)모아드림산후조리원,2024-11-03 15:09,U,05:00.0,,205564.8043,461624.5549,,,,,,,,,,,,,,,,,,,,127.0639309,37.6569905
,,,,,,,,,,,,,,,,,,,,,,,,,,,,,,,,,,,,,,,,,,,,,
,,,,,,,,,,,,,,,,,,,,,,,,,,,,,,,,,,,,,,,,,,,,,
,,,,,,,,,,,,,,,,,,,,,,,,,,,,,,,,,,,,,,,,,,,,,
3010000.0,PHMB120163010033042100001,2016-12-16,,1.0,영업/정상,13.0,영업중,,,,,0260121010,,,서울특별시 중구 중림동 150-1 이화빌딩(중림동),"서울특별시 중구 중림로 31, 이화빌딩(중림동) 1층 (중림동)",4506.0,와튼젤리 산후조리원(용산마포점),2024-05-16 16:06,U,08:00.0,,197028.3806,450675.687,,,,,,,,,,,,,,,,,,,,126.9671004,37.5582943
3160000.0,PHMB120143160034042100001,2014-04-22,,1.0,영업/정상,13.0,영업중,,,,,02-2611-7322,,,,"서울특별시 구로구 경인로 240, 2층 (오류동)",8270.0,맘스퀘어 산후조리원,2023-02-09 14:11,U,01:00.0,,,,,,,,,,,,,,,,,,,,,,,126.8472908,37.4974382
,,,,,,,,,,,,,,,,,,,,,,,,,,,,,,,,,,,,,,,,,,,,,
3020000.0,PHMB120203020033042100001,20201007,,1.0,영업/정상,13.0,영업중,,,,,02-6952-3787,,,서울특별시 용산구 한강로3가 40-969 서울드래곤시티,"서울특별시 용산구 청파로20길 95, 서울드래곤시티 C동 39층 (한강로3가)",4372.0,트리니티 산후조리원,2020-10-14 15:44,U,40:00.0,,196610.6638,447742.3486,18.0,18.0,647.75,83.02,,,8.25,,,5.44,3.0,3.0,0.0,0.0,1.0,0.0,44.0,39.0,0.0,126.9608486,37.5321767
,,,,,,,,,,,,,,,,,,,,,,,,,,,,,,,,,,,,,,,,,,,,,
,,,,,,,,,,,,,,,,,,,,,,,,,,,,,,,,,,,,,,,,,,,,,
,,,,,,,,,,,,,,,,,,,,,,,,,,,,,,,,,,,,,,,,,,,,,
3030000.0,PHMB120163030033042100001,2016-08-04,,1.0,영업/정상,13.0,영업중,,,,,,,,,"서울특별시 성동구 고산자로6길 40, 행당동 레몬프라자 6층 601호 (행당동)",4745.0,이든포레,2023-08-01 14:39,U,03:00.0,,203071.9592,450665.5326,,,,,,,,,,,,,,,,,,,,127.0354834,37.5582072
,,,,,,,,,,,,,,,,,,,,,,,,,,,,,,,,,,,,,,,,,,,,,
,,,,,,,,,,,,,,,,,,,,,,,,,,,,,,,,,,,,,,,,,,,,,
,,,,,,,,,,,,,,,,,,,,,,,,,,,,,,,,,,,,,,,,,,,,,
,,,,,,,,,,,,,,,,,,,,,,,,,,,,,,,,,,,,,,,,,,,,,
3040000.0,PHMB120013040033042100001,20010511,,1.0,영업/정상,13.0,영업중,,,,,02-447-0065,,143862,서울특별시 광진구 자양동 553번지 15호 3층,"서울특별시 광진구 뚝섬로 503, 3층 (자양동)",5076.0,광진아기맘미소산후조리원,2020-09-18 17:55,U,40:00.0,,205788.3327,448212.1272,10.0,10.0,399.1,34.56,,,12.67,,,,5.0,7.0,,2.0,1.0,,4.0,3.0,1.0,127.0661469,37.5360413
,,,,,,,,,,,,,,,,,,,,,,,,,,,,,,,,,,,,,,,,,,,,,
3050000.0,PHMB120143050034042100001,20141001,,1.0,영업/정상,13.0,영업중,,,,,1599-3270,,130883,서울특별시 동대문구 답십리동 94번지 9호,"서울특별시 동대문구 전농로 102, 4층 (답십리동)",2538.0,마드레산후조리원,2019-03-05 17:35,U,40:00.0,,205049.0959,452418.2704,18.0,18.0,341.48,40.9,,16.43,5.0,36.0,36.0,7.43,4.0,4.0,,2.0,2.0,1.0,4.0,4.0,,127.0578512,37.5739634
3050000.0,PHMB120063050034042100001,20061229,,1.0,영업/정상,13.0,영업중,,,,,2210-3399/3439,,130874,"서울특별시 동대문구 휘경2동 29번지 1호 지하1층, 1층, 2층","서울특별시 동대문구 망우로 82, B1,1,2층 (휘경동)",2500.0,삼육서울병원부설산후조리원,2021-03-18 9:28,U,40:00.0,,205622.5177,454115.4328,24.0,24.0,28.0,58.4,,,,,,,9.0,5.0,1.0,,,2.0,3.0,2.0,1.0,127.0653066,37.5879909
3050000.0,PHMB120063050034042100002,20061010,,1.0,영업/정상,13.0,영업중,,20171231,20180114,,2246-2001,,130100,서울특별시 동대문구 장안동 371번지 1호 삼성쉐르빌2층,"서울특별시 동대문구 장한로 119 (장안동,삼성쉐르빌2층)",,린아미에산후조리원,2018-01-16 9:55,I,59:59.0,,206101.9138,452155.6911,17.0,17.0,18.0,30.7,,,,,,,5.0,3.0,,,,4.0,0.0,,,127.0705625,37.5713000
3050000.0,PHMB120073050034042100001,20071203,,1.0,영업/정상,13.0,영업중,,,,,2243-5353,,,서울특별시 동대문구 장안동 370번지 2호,"서울특별시 동대문구 답십리로 268, 해림빌딩 3,4층 (장안동)",2624.0,린산후조리원,2018-05-31 15:31,I,59:59.0,,206127.5479,452215.684,19.0,20.0,20.0,53.92,,,,,,,3.0,11.0,1.0,,,2.0,2.0,2.0,,127.0701686,37.5722544
3050000.0,PHMB120133050034042100001,20130129,,1.0,영업/정상,13.0,영업중,,,,,2213-5889,,130838,"서울특별시 동대문구 장안2동 295번지 5호 7, 8층","서울특별시 동대문구 답십리로 269, 7,8층 (장안동)",2530.0,베베리타산후조리원,2020-08-18 13:13,U,40:00.0,,206150.6896,452269.6768,15.0,15.0,,29.5,7.2,25.4,9.1,4.8,,24.5,4.0,6.0,,1.0,,2.0,2.0,2.0,,127.0704467,37.5726823
,,,,,,,,,,,,,,,,,,,,,,,,,,,,,,,,,,,,,,,,,,,,,
,,,,,,,,,,,,,,,,,,,,,,,,,,,,,,,,,,,,,,,,,,,,,
,,,,,,,,,,,,,,,,,,,,,,,,,,,,,,,,,,,,,,,,,,,,,
,,,,,,,,,,,,,,,,,,,,,,,,,,,,,,,,,,,,,,,,,,,,,
,,,,,,,,,,,,,,,,,,,,,,,,,,,,,,,,,,,,,,,,,,,,,
,,,,,,,,,,,,,,,,,,,,,,,,,,,,,,,,,,,,,,,,,,,,,
3040000.0,PHMB120143040033042100001,2014-02-24,,1.0,영업/정상,13.0,영업중,,,,,02-2083-0640,,143-824,서울특별시 광진구 구의동 234번지 25호,서울특별시 광진구 자양로 192 (구의동),5031.0,(주)궁 산후조리원 구의점,2024-11-13 13:19,U,05:00.0,,207472.0448,449142.6875,,,,,,,,,,,,,,,,,,,,127.0853281,37.5445200
3060000.0,PHMB120143060034042100001,2014-06-09,,1.0,영업/정상,13.0,영업중,,,,,02-972-7667,,131-848,서울특별시 중랑구 묵동,"서울특별시 중랑구 중랑역로 257, 신흥빌딩 4~5층 (묵동)",2018.0,뉴이자르 산후조리원 태릉점,2025-01-02 17:28,U,04:00.0,,206694.0528,457058.8336,,,,,,,,,,,,,,,,,,,,127.0766770,37.6158750
,,,,,,,,,,,,,,,,,,,,,,,,,,,,,,,,,,,,,,,,,,,,,
,,,,,,,,,,,,,,,,,,,,,,,,,,,,,,,,,,,,,,,,,,,,,
,,,,,,,,,,,,,,,,,,,,,,,,,,,,,,,,,,,,,,,,,,,,,
3070000.0,PHMB120123070034042100001,20120119,,1.0,영업/정상,13.0,영업중,,20210430,20210515,,02-922-1400,,,서울특별시 성북구 동소문동3가 63 동도빌딩,"서울특별시 성북구 동소문로 48, 동도빌딩 3층 (동소문동3가)",2860.0,라솜산후조리원 성북지점,2021-05-17 11:29,U,40:00.0,,200905.1837,454220.5194,14.0,14.0,232.18,31.4,5.7,7.2,7.2,3.3,,9.5,3.0,3.0,0.0,2.0,1.0,1.0,0.0,,,127.0110197,37.5903395
,,,,,,,,,,,,,,,,,,,,,,,,,,,,,,,,,,,,,,,,,,,,,
3080000.0,PHMB120073080033042100003,20071120,,1.0,영업/정상,13.0,영업중,,,,,996-1511,,,서울특별시 강북구 미아동 322번지 5호,서울특별시 강북구 도봉로 131 (미아동),1177.0,햇빛병원부설 햇빛산후조리원,2016-04-22 13:49,I,59:59.0,,202407.498,457584.3681,39.0,39.0,723.33,127.06,,48.12,28.12,,24.58,14.62,6.0,14.0,1.0,3.0,3.0,,8.0,6.0,2.0,127.0280636,37.6205942
,,,,,,,,,,,,,,,,,,,,,,,,,,,,,,,,,,,,,,,,,,,,,
,,,,,,,,,,,,,,,,,,,,,,,,,,,,,,,,,,,,,,,,,,,,,
,,,,,,,,,,,,,,,,,,,,,,,,,,,,,,,,,,,,,,,,,,,,,
3090000.0,PHMB120123090033042100001,20120502,,1.0,영업/정상,13.0,영업중,,,,,02-903-0033,,132893,서울특별시 도봉구 쌍문2동 653번지 7층,"서울특별시 도봉구 도봉로 575, 7층 (쌍문동)",1432.0,소중한맘산후조리원,2021-09-16 20:13,U,40:00.0,,203348.2106,461557.3105,19.0,19.0,318.0,40.0,8.3,40.0,6.3,0.0,2.86,15.18,2.0,2.0,0.0,1.0,1.0,0.0,7.0,7.0,0.0,127.0388060,37.6564112
3090000.0,PHMB120123090033042100002,2012-11-29,,1.0,영업/정상,13.0,영업중,,,,,029934300,,,,서울특별시 도봉구 해등로 125 (창동),1426.0,마미캠프산후조리원,2023-09-12 9:26,U,04:00.0,,203500.5396,461375.8647,,,,,,,,,,,,,,,,,,,,127.0405016,37.6547744
,,,,,,,,,,,,,,,,,,,,,,,,,,,,,,,,,,,,,,,,,,,,,
,,,,,,,,,,,,,,,,,,,,,,,,,,,,,,,,,,,,,,,,,,,,,
,,,,,,,,,,,,,,,,,,,,,,,,,,,,,,,,,,,,,,,,,,,,,
,,,,,,,,,,,,,,,,,,,,,,,,,,,,,,,,,,,,,,,,,,,,,
3080000.0,PHMB120073080033042100004,2007-12-12,,1.0,영업/정상,13.0,영업중,,,,,02-985-3542,,,서울특별시 강북구 미아동 131번지 30호,"서울특별시 강북구 도봉로 136, 7층 (미아동, 풍양회관)",1161.0,맘스텔라산후조리원,2024-08-30 11:10,U,01:00.0,,202465.0425,457640.2398,,,,,,,,,,,,,,,,,,,,127.0285525,37.6209634
3060000.0,PHMB120153060034042100001,2015-03-03,,1.0,영업/정상,13.0,영업중,,,,,02-3421-5553,,131-131,서울특별시 중랑구 신내동 317번지 6호,서울특별시 중랑구 신내로16길 76 (신내동),2053.0,레피리움시그니처신내 산후조리원,2025-01-03 10:51,U,05:00.0,,208768.6285,456722.5584,,,,,,,,,,,,,,,,,,,,127.1001009,37.6127951
,,,,,,,,,,,,,,,,,,,,,,,,,,,,,,,,,,,,,,,,,,,,,
,,,,,,,,,,,,,,,,,,,,,,,,,,,,,,,,,,,,,,,,,,,,,
,,,,,,,,,,,,,,,,,,,,,,,,,,,,,,,,,,,,,,,,,,,,,
,,,,,,,,,,,,,,,,,,,,,,,,,,,,,,,,,,,,,,,,,,,,,
3100000.0,PHMB120153100034042100001,20151118,,1.0,영업/정상,13.0,영업중,,,,,02-949-2223,,,,"서울특별시 노원구 노원로 240 (하계동, 백경빌딩)",1750.0,(주)더블레스 산후조리원,2015-11-18 11:03,I,59:59.0,,206509.8713,459672.8607,29.0,29.0,1393.0,67.6,,28.5,15.5,,,30.0,4.0,7.0,0.0,2.0,1.0,,6.0,1.0,0.0,127.0745588,37.6393762
,,,,,,,,,,,,,,,,,,,,,,,,,,,,,,,,,,,,,,,,,,,,,
,,,,,,,,,,,,,,,,,,,,,,,,,,,,,,,,,,,,,,,,,,,,,
,,,,,,,,,,,,,,,,,,,,,,,,,,,,,,,,,,,,,,,,,,,,,
,,,,,,,,,,,,,,,,,,,,,,,,,,,,,,,,,,,,,,,,,,,,,
,,,,,,,,,,,,,,,,,,,,,,,,,,,,,,,,,,,,,,,,,,,,,
,,,,,,,,,,,,,,,,,,,,,,,,,,,,,,,,,,,,,,,,,,,,,
,,,,,,,,,,,,,,,,,,,,,,,,,,,,,,,,,,,,,,,,,,,,,
3110000.0,PHMB120193110032042100002,20191018,,1.0,영업/정상,13.0,영업중,,,,,02-388-5638,,,서울특별시 은평구 대조동 38번지 19호,"서울특별시 은평구 진흥로 133, A동 (대조동)",3395.0,더은혜산후조리원,2019-11-04 13:46,U,40:00.0,,193284.9407,456206.2244,21.0,21.0,295.64,38.07,21.32,0.0,6.64,40.0,72.0,9.54,3.0,7.0,0.0,0.0,0.0,0.0,6.0,5.0,1.0,126.9248990,37.6081928
3120000.0,PHMB120113120033042100001,2011-05-13,,1.0,영업/정상,13.0,영업중,,2024-06-01,2024-06-30,,02-362-7500,,,서울특별시 서대문구 대현동 101-7 혜우빌딩 601호,"서울특별시 서대문구 신촌역로 10, 6층 601호 (대현동, 혜우빌딩)",3766.0,(주) 레피리움네이쳐 산후조리원,2024-07-03 17:49,U,05:00.0,,194908.9612,450597.7575,,,,,,,,,,,,,,,,,,,,126.9432653,37.5576545
3110000.0,PHMB120113110032042100001,20110616,,1.0,영업/정상,13.0,영업중,,,,,355-0069,,122030,"서울특별시 은평구 대조동 179번지 12호 (3,4,5층)",서울특별시 은평구 서오릉로 82 (대조동),,아이젤 산후조리원,2021-12-08 18:08,U,40:00.0,,193047.2278,456161.9907,23.0,23.0,311.51,43.9,12.7,41.0,19.3,0.0,7.69,10.8,3.0,8.0,0.0,2.0,2.0,0.0,3.0,3.0,0.0,126.9220511,37.6076976
,,,,,,,,,,,,,,,,,,,,,,,,,,,,,,,,,,,,,,,,,,,,,
3100000.0,PHMB120103100034042100001,2013-02-27,,1.0,영업/정상,13.0,영업중,,,,,02-935-7979,,,서울특별시 노원구 상계동 936-2 미네르바빌딩 5층,"서울특별시 노원구 수락산로 232, 미네르바빌딩 5층 (상계동)",1615.0,제이미 산후조리원,2025-02-18 20:06,U,00:00.0,,204596.6288,463189.7126,,,,,,,,,,,,,,,,,,,,127.0529845,37.6711078
,,,,,,,,,,,,,,,,,,,,,,,,,,,,,,,,,,,,,,,,,,,,,
,,,,,,,,,,,,,,,,,,,,,,,,,,,,,,,,,,,,,,,,,,,,,
3100000.0,PHMB120083100034042100001,20080630,,1.0,영업/정상,13.0,영업중,,,,,02-904-8034,,139851,서울특별시 노원구 월계2동 776번지 월계프라자5층,"서울특별시 노원구 초안산로5길 12 (월계동,월계프라자5층)",,와이엘산후조리원,2022-12-29 10:09,U,01:00.0,,204489.9982,458912.0831,,,,,,,,,,,,,,,,,,,,127.0517605,37.6325635
3110000.0,PHMB120193110032042100001,20190612,,1.0,영업/정상,13.0,영업중,,,,,02-6941-1231,,,서울특별시 은평구 불광동 311번지 13호 메트로타워,"서울특별시 은평구 통일로 856, 메트로타워 8층 (불광동)",3345.0,레피리움시그니쳐은평산후조리원,2022-08-26 16:34,U,08:00.0,,192998.2022,457479.9952,,,,,,,,,,,,,,,,,,,,126.9216803,37.6197065
3130000.0,PHMB120063130033042100002,20080306,,1.0,영업/정상,13.0,영업중,,,,,3142-1212,,121232,서울특별시 마포구 망원2동 474번지 3호,서울특별시 마포구 월드컵로 155 (망원동),,아이린산후조리원 망원점,2021-12-30 11:30,U,40:00.0,,191528.6644,451015.1164,12.0,12.0,195.0,62.0,14.0,48.0,8.0,102.0,3.4,10.0,3.0,9.0,0.0,2.0,1.0,0.0,6.0,4.0,1.0,126.9049244,37.5613848
,,,,,,,,,,,,,,,,,,,,,,,,,,,,,,,,,,,,,,,,,,,,,
,,,,,,,,,,,,,,,,,,,,,,,,,,,,,,,,,,,,,,,,,,,,,
3140000.0,PHMB120213140033042100001,20210629,,1.0,영업/정상,13.0,영업중,,,,,02)2698-3588,,,,"서울특별시 양천구 화곡로 64, 동화빌딩 2층 (신월동)",7904.0,보네르아샤 산후조리원,2021-07-01 15:37,I,22:53.0,,184806.9115,448551.4892,17.0,17.0,377.63,45.9,,28.41,23.85,,43.52,12.7,,,,,,,0.0,,,126.8288888,37.5390565
3140000.0,PHMB120173140033042100001,20170824,,1.0,영업/정상,13.0,영업중,,,,,,,,서울특별시 양천구 목동 513번지,"서울특별시 양천구 공항대로 610 (목동, 정종일산부인과)",7968.0,(주)포미즈타임산후조리원,2017-11-20 17:31,I,59:59.0,,188635.2309,449396.8064,6.0,6.0,180.55,21.5,16.0,,,,,,3.0,,,,,,0.0,,,126.8723522,37.5467929
,,,,,,,,,,,,,,,,,,,,,,,,,,,,,,,,,,,,,,,,,,,,,
3140000.0,PHMB120183140033042100001,20180626,,1.0,영업/정상,13.0,영업중,,,,,02)6927-3647,,,서울특별시 양천구 신정동 943번지 19호,"서울특별시 양천구 중앙로 300, 시온빌딩 6~8층 (신정동)",8019.0,목동제일산후조리원,2018-06-27 12:17,I,59:59.0,,186831.1584,446764.9159,14.0,14.0,274.85,31.47,,,12.96,5.37,,,2.0,2.0,,,,,3.0,3.0,,126.8518725,37.5230563
,,,,,,,,,,,,,,,,,,,,,,,,,,,,,,,,,,,,,,,,,,,,,
,,,,,,,,,,,,,,,,,,,,,,,,,,,,,,,,,,,,,,,,,,,,,
3130000.0,PHMB120063130033042100003,2006-12-07,,1.0,영업/정상,13.0,영업중,,2021-07-17,2021-09-30,,02-3142-3003,,121-843,서울특별시 마포구 성산1동 56번지 3호 CS타워 10층,"서울특별시 마포구 월드컵북로 137 (성산동,CS타워 10층)",,주식회사 레피리움시그니처 홍대 산후조리원,2024-06-19 15:09,U,01:00.0,,192136.276,451398.6615,,,,,,,,,,,,,,,,,,,,126.9116783,37.5648833
3140000.0,PHMB120103140033042100002,2010-08-13,,1.0,영업/정상,13.0,영업중,,2017-11-22,2017-12-31,,02-2619-1000,,158-865,서울특별시 양천구 신정3동 1287번지 8호,"서울특별시 양천구 남부순환로 654, 진덕빌딩 10층 (신정동)",8054.0,밝은미래산후조리원,2024-10-02 17:22,U,04:00.0,,185937.6528,445396.4164,,,,,,,,,,,,,,,,,,,,126.8418504,37.5107188
3110000.0,PHMB120113110032042100003,2011-08-18,,1.0,영업/정상,13.0,영업중,,2022-12-03,2023-01-02,,,,122-819,서울특별시 은평구 구산동 1번지 24호  상원빌딩 5층,"서울특별시 은평구 서오릉로 145 (구산동,상원빌딩 5층)",,아쉐르 산후조리원 은평점,2024-11-26 13:23,U,08:00.0,,192563.8745,456570.0846,,,,,,,,,,,,,,,,,,,,126.9164939,37.6112912
3130000.0,PHMB120123130033042100001,2012-12-11,,1.0,영업/정상,13.0,영업중,,2021-09-18,2021-10-05,,02-306-2617,,,서울특별시 마포구 상암동 1751,"서울특별시 마포구 월드컵북로 497, 3층301호,4,5층 (상암동)",3902.0,맘스밀리 산후조리원 상암점,2024-12-17 17:37,U,09:00.0,,189286.6995,453577.0731,,,,,,,,,,,,,,,,,,,,126.8795124,37.5844426
,,,,,,,,,,,,,,,,,,,,,,,,,,,,,,,,,,,,,,,,,,,,,
,,,,,,,,,,,,,,,,,,,,,,,,,,,,,,,,,,,,,,,,,,,,,
,,,,,,,,,,,,,,,,,,,,,,,,,,,,,,,,,,,,,,,,,,,,,
,,,,,,,,,,,,,,,,,,,,,,,,,,,,,,,,,,,,,,,,,,,,,
,,,,,,,,,,,,,,,,,,,,,,,,,,,,,,,,,,,,,,,,,,,,,
3150000.0,PHMB120123150037042100001,20120618,,1.0,영업/정상,13.0,영업중,,,,,2653-3588,,157896,서울특별시 강서구 화곡4동 775번지 5호,서울특별시 강서구 등촌로 45 (화곡동),7741.0,(주)목동라테라산후조리원,2020-01-23 17:48,U,40:00.0,,187851.9075,447977.5219,16.0,16.0,370.64,37.2,,26.4,10.5,,13.8,73.8,3.0,6.0,,2.0,2.0,3.0,6.0,5.0,1.0,126.8633128,37.5339676
,,,,,,,,,,,,,,,,,,,,,,,,,,,,,,,,,,,,,,,,,,,,,
,,,,,,,,,,,,,,,,,,,,,,,,,,,,,,,,,,,,,,,,,,,,,
,,,,,,,,,,,,,,,,,,,,,,,,,,,,,,,,,,,,,,,,,,,,,
,,,,,,,,,,,,,,,,,,,,,,,,,,,,,,,,,,,,,,,,,,,,,
3160000.0,PHMB120123160034042100001,2012-08-02,,1.0,영업/정상,13.0,영업중,,2023-04-08,2023-04-13,,2682-2400,,,서울특별시 구로구 오류동 159번지 삼성미래여성병원,"서울특별시 구로구 서해안로 2296, 삼성미래여성병원 오류동 3~6층 (오류동)",8342.0,미래 산후조리원,2023-04-14 14:00,U,06:00.0,,185818.0058,443237.9274,,,,,,,,,,,,,,,,,,,,126.8404440,37.4912480
3150000.0,PHMB120073150037042100004,2007-06-01,,1.0,영업/정상,13.0,영업중,,,,,,,,서울특별시 강서구 화곡동 1031번지 6호,서울특별시 강서구 강서로 198 (화곡동),7698.0,리베 산후조리원 강서점,2024-07-29 13:51,U,01:00.0,,185663.2695,449087.6224,,,,,,,,,,,,,,,,,,,,126.8385695,37.5439424
3140000.0,PHMB120073140033042100002,2007-10-01,,1.0,영업/정상,13.0,영업중,,,,,02-2061-6001,,,서울특별시 양천구 목동 713-5 상진지오벨리,"서울특별시 양천구 목동중앙남로3가길 127, 2층 (목동, 상진지오벨리)",7957.0,뉴이자르 산후조리원 목동점,2024-04-08 10:14,U,00:00.0,,187908.6115,448799.3087,,,,,,,,,,,,,,,,,,,,126.8640497,37.5411787
3150000.0,PHMB120153150037042100002,2015-06-25,,1.0,영업/정상,13.0,영업중,,,,,3661-1115,,,,서울특별시 강서구 양천로 354 (가양동),7573.0,르베르쏘 산후조리원,2024-06-26 16:27,U,08:00.0,,185950.6964,451746.2525,,,,,,,,,,,,,,,,,,,,126.8417347,37.5679070
3150000.0,PHMB120123150037042100002,2012-11-28,,1.0,영업/정상,13.0,영업중,,,,,02-2083-0600,,,서울특별시 강서구 등촌동 632번지 6호 파인블루빌딩,"서울특별시 강서구 양천로 600, 파인블루빌딩 (등촌동)",7552.0,맘스밀리산후조리원강서,2024-11-12 17:16,U,04:00.0,,187974.2289,450369.1654,,,,,,,,,,,,,,,,,,,,126.8646913,37.5554814
3150000.0,PHMB120203150037042100001,2020-09-23,,1.0,영업/정상,13.0,영업중,,,,,02-2694-3588,,,서울특별시 강서구 화곡동 1126-3 르베르쏘,"서울특별시 강서구 공항대로48길 13-5, 르베르쏘 (화곡동)",7655.0,주식회사 에빠토르베르쏘 산후조리원,2024-10-22 10:47,U,04:00.0,,187164.3808,450207.369,,,,,,,,,,,,,,,,,,,,126.8555563,37.5538919
,,,,,,,,,,,,,,,,,,,,,,,,,,,,,,,,,,,,,,,,,,,,,
3160000.0,PHMB120123160034042100002,20121205,,1.0,영업/정상,13.0,영업중,,,,,02-2688-6200,,,,"서울특별시 구로구 천왕로 106, 5층 (오류동)",8365.0,로얄사임당 산후조리원 천왕점,2018-09-11 9:59,U,59:59.0,,185721.912026,442967.067664,13.0,13.0,191.68,24.19,0.0,8.0,5.7,,,,3.0,5.0,,1.0,,1.0,5.0,5.0,,126.8385603,37.4860388
3160000.0,PHMB120133160034042100001,20131007,,1.0,영업/정상,13.0,영업중,,,,,028559911,,,서울특별시 구로구 구로동 25번지,"서울특별시 구로구 새말로 94, 7~8층 (구로동)",8289.0,아름제일 산후조리원 1관,2020-04-16 17:34,U,40:00.0,,190244.829,444811.2382,14.0,14.0,266.47,27.42,,59.15,2.95,,8.95,12.21,3.0,9.0,0.0,3.0,,,0.0,5.0,,126.8905378,37.5054584
3160000.0,PHMB120153160034042100001,20150723,,1.0,영업/정상,13.0,영업중,,,,,02-2060-9315,,,,"서울특별시 구로구 경인로 322, 3~4층 (개봉동, 민전산부인과)",8274.0,민전 산후조리원,2021-02-16 17:56,U,40:00.0,,187190.1114,443880.3462,16.0,16.0,232.0,32.4,,30.0,23.0,3.1,,,3.0,4.0,,2.0,1.0,1.0,3.0,3.0,,126.8559362,37.4970579
,,,,,,,,,,,,,,,,,,,,,,,,,,,,,,,,,,,,,,,,,,,,,
,,,,,,,,,,,,,,,,,,,,,,,,,,,,,,,,,,,,,,,,,,,,,
3160000.0,PHMB119863160034042100001,1986-12-17,,1.0,영업/정상,13.0,영업중,,,,,854-0818,,,서울특별시 구로구 구로동 806번지 60호,서울특별시 구로구 구로동로8길 18 (구로동),8320.0,김삼순조산원,2025-01-20 16:28,D,02:00.0,,189870.0909,442718.799,,,,,,,,,,,,,,,,,,,,126.8862605,37.4866295
,,,,,,,,,,,,,,,,,,,,,,,,,,,,,,,,,,,,,,,,,,,,,
,,,,,,,,,,,,,,,,,,,,,,,,,,,,,,,,,,,,,,,,,,,,,
,,,,,,,,,,,,,,,,,,,,,,,,,,,,,,,,,,,,,,,,,,,,,
,,,,,,,,,,,,,,,,,,,,,,,,,,,,,,,,,,,,,,,,,,,,,
,,,,,,,,,,,,,,,,,,,,,,,,,,,,,,,,,,,,,,,,,,,,,
,,,,,,,,,,,,,,,,,,,,,,,,,,,,,,,,,,,,,,,,,,,,,
,,,,,,,,,,,,,,,,,,,,,,,,,,,,,,,,,,,,,,,,,,,,,
,,,,,,,,,,,,,,,,,,,,,,,,,,,,,,,,,,,,,,,,,,,,,
,,,,,,,,,,,,,,,,,,,,,,,,,,,,,,,,,,,,,,,,,,,,,
3170000.0,PHMB120143170035042100001,2014-09-12,,1.0,영업/정상,13.0,영업중,,,,,02-2109-3003,,153-812,서울특별시 금천구 독산동 288번지 3호,"서울특별시 금천구 시흥대로 415, 4~5층 (독산동, DDS빌딩)",8523.0,M.J 산후조리원,2025-02-19 10:46,U,01:00.0,,190877.9899,440964.4385,,,,,,,,,,,,,,,,,,,,126.8976683,37.4706526
3180000.0,PHMB120143180034042100001,20141205,,1.0,영업/정상,13.0,영업중,,,,,02-3667-3579,,150096,서울특별시 영등포구 문래동6가 5번지 2호 문래아카데미,서울특별시 영등포구 선유로 59 (문래동6가),7281.0,주식회사 리더스 산후조리원,2020-12-18 15:20,U,40:00.0,,190114.1837,446343.4894,20.0,20.0,412.0,47.0,7.6,25.0,9.0,3.38,3.38,11.7,3.0,16.0,0.0,1.0,1.0,1.0,9.0,6.0,3.0,126.8890164,37.5192659
3180000.0,PHMB120113180034042100001,20110124,,1.0,영업/정상,13.0,영업중,,20210614,20210628,,02-2679-5005,,,,"서울특별시 영등포구 선유로 63 (문래동6가, EEU동신타워)",7281.0,주식회사 라솜산후조리원,2021-06-29 17:30,U,40:00.0,,190121.3083,446385.2841,16.0,16.0,15.9,31.4,9.86,0.0,7.39,0.0,3.18,0.0,4.0,10.0,0.0,2.0,0.0,0.0,11.0,8.0,3.0,126.8890683,37.5196453
,,,,,,,,,,,,,,,,,,,,,,,,,,,,,,,,,,,,,,,,,,,,,
,,,,,,,,,,,,,,,,,,,,,,,,,,,,,,,,,,,,,,,,,,,,,
,,,,,,,,,,,,,,,,,,,,,,,,,,,,,,,,,,,,,,,,,,,,,
,,,,,,,,,,,,,,,,,,,,,,,,,,,,,,,,,,,,,,,,,,,,,
,,,,,,,,,,,,,,,,,,,,,,,,,,,,,,,,,,,,,,,,,,,,,
,,,,,,,,,,,,,,,,,,,,,,,,,,,,,,,,,,,,,,,,,,,,,
,,,,,,,,,,,,,,,,,,,,,,,,,,,,,,,,,,,,,,,,,,,,,
,,,,,,,,,,,,,,,,,,,,,,,,,,,,,,,,,,,,,,,,,,,,,
,,,,,,,,,,,,,,,,,,,,,,,,,,,,,,,,,,,,,,,,,,,,,
,,,,,,,,,,,,,,,,,,,,,,,,,,,,,,,,,,,,,,,,,,,,,
,,,,,,,,,,,,,,,,,,,,,,,,,,,,,,,,,,,,,,,,,,,,,
,,,,,,,,,,,,,,,,,,,,,,,,,,,,,,,,,,,,,,,,,,,,,
,,,,,,,,,,,,,,,,,,,,,,,,,,,,,,,,,,,,,,,,,,,,,
3180000.0,PHMB120153180034042100001,2015-05-15,,1.0,영업/정상,13.0,영업중,,,,,02-2068-6167,,150-038,서울특별시 영등포구 영등포동8가 80번지 1호,"서울특별시 영등포구 영중로 140 (영등포동8가, 영중로 140)",7226.0,더 아이리스 산후조리원,2024-03-22 14:29,U,04:00.0,,191628.2811,447397.3806,,,,,,,,,,,,,,,,,,,,126.9060681,37.5287701
3190000.0,PHMB120163190033042100001,2016-09-28,,1.0,영업/정상,13.0,영업중,,,,,,,,,"서울특별시 동작구 보라매로5가길 16 (신대방동, 보라매아카데미타워)",7071.0,카리스산후조리원(보라매점),2024-09-26 13:06,U,08:00.0,,193218.364,443239.5811,,,,,,,,,,,,,,,,,,,,126.9240750,37.4913263
,,,,,,,,,,,,,,,,,,,,,,,,,,,,,,,,,,,,,,,,,,,,,
,,,,,,,,,,,,,,,,,,,,,,,,,,,,,,,,,,,,,,,,,,,,,
,,,,,,,,,,,,,,,,,,,,,,,,,,,,,,,,,,,,,,,,,,,,,
,,,,,,,,,,,,,,,,,,,,,,,,,,,,,,,,,,,,,,,,,,,,,
3200000.0,PHMB120123200033042100003,2012-05-15,,1.0,영업/정상,13.0,영업중,,,,,02-873-1112,,,,서울특별시  남부순환로 1802,8786.0,로얄사임당산후조리원,2023-11-21 10:14,U,03:00.0,,195537.2695,442122.2022,,,,,,,,,,,,,,,,,,,,126.9503221,37.4811802
,,,,,,,,,,,,,,,,,,,,,,,,,,,,,,,,,,,,,,,,,,,,,
,,,,,,,,,,,,,,,,,,,,,,,,,,,,,,,,,,,,,,,,,,,,,
3210000.0,PHMB120063210034042100002,20061206,,1.0,영업/정상,13.0,영업중,,,,,02-532-1633,,137829,서울특별시 서초구 방배본동 783번지 26호 로얄쇼핑센터 3층,"서울특별시 서초구 동작대로 172 (방배동,로얄쇼핑센터 3층)",,(주)와이케이동그라미 레피리움 강남지점,2020-09-03 16:59,U,40:00.0,,198438.3386,443294.8359,14.0,14.0,16.5,48.0,16.5,20.0,7.0,15.0,6.6,16.5,3.0,4.0,,,,,0.0,,,126.9830871,37.4919233
3210000.0,PHMB120123210034042100001,20120201,,1.0,영업/정상,13.0,영업중,,,,,02-533-6169,,137855,서울특별시 서초구 서초4동 1302번지 4호 2~6층,서울특별시 서초구 서운로 216 (서초동),6609.0,(주)사임당아모리움산후조리원,2020-09-03 16:58,U,40:00.0,,201862.3576,444462.6261,28.0,28.0,547.8,68.32,24.33,30.54,15.2,79.2,60.0,38.5,6.0,8.0,,1.0,1.0,,8.0,6.0,2.0,127.0218913,37.5023808
3210000.0,PHMB120123210034042100002,20120524,,1.0,영업/정상,13.0,영업중,,20190601,20190624,,535-3853,,137803,서울특별시 서초구 반포4동 54번지 1호 쌍동빌딩서관 6층,"서울특별시 서초구 고무래로 22 (반포동, 쌍동빌딩서관 6층)",6593.0,(주)센트리움산후조리원,2019-07-04 11:10,U,40:00.0,,200878.3422,444477.6883,17.0,18.0,417.04,46.0,10.0,41.44,10.3,,3.08,16.04,4.0,5.0,1.0,1.0,1.0,1.0,6.0,6.0,,127.0107813,37.5025783
,,,,,,,,,,,,,,,,,,,,,,,,,,,,,,,,,,,,,,,,,,,,,
,,,,,,,,,,,,,,,,,,,,,,,,,,,,,,,,,,,,,,,,,,,,,
,,,,,,,,,,,,,,,,,,,,,,,,,,,,,,,,,,,,,,,,,,,,,
,,,,,,,,,,,,,,,,,,,,,,,,,,,,,,,,,,,,,,,,,,,,,
,,,,,,,,,,,,,,,,,,,,,,,,,,,,,,,,,,,,,,,,,,,,,
3210000.0,PHMB120113210034042100001,2011-12-08,,1.0,영업/정상,13.0,영업중,,,,,537-3232,,,"서울특별시 서초구 반포동 107번지 45호 부림빌딩 7,8층","서울특별시 서초구 사평대로18길 10, 부림빌딩 7,8층 (반포동)",6575.0,서래 네송스 산후조리원,2023-12-05 11:53,U,07:00.0,,199540.0586,444026.8002,,,,,,,,,,,,,,,,,,,,126.9956371,37.4983938
,,,,,,,,,,,,,,,,,,,,,,,,,,,,,,,,,,,,,,,,,,,,,
,,,,,,,,,,,,,,,,,,,,,,,,,,,,,,,,,,,,,,,,,,,,,
,,,,,,,,,,,,,,,,,,,,,,,,,,,,,,,,,,,,,,,,,,,,,
,,,,,,,,,,,,,,,,,,,,,,,,,,,,,,,,,,,,,,,,,,,,,
,,,,,,,,,,,,,,,,,,,,,,,,,,,,,,,,,,,,,,,,,,,,,
,,,,,,,,,,,,,,,,,,,,,,,,,,,,,,,,,,,,,,,,,,,,,
,,,,,,,,,,,,,,,,,,,,,,,,,,,,,,,,,,,,,,,,,,,,,
,,,,,,,,,,,,,,,,,,,,,,,,,,,,,,,,,,,,,,,,,,,,,
3220000.0,PHMB120183220033042100002,20180817,,1.0,영업/정상,13.0,영업중,,,,,02)579-0303,,,서울특별시 강남구 자곡동 635번지 1~3층,"서울특별시 강남구 자곡로 110, 고수일레븐 1~3층 (자곡동)",6373.0,엘 산후조리원,2022-12-05 13:46,U,07:00.0,,208396.7434,441093.9499,,,,,,,,,,,,,,,,,,,,127.0957046,37.4720315
3220000.0,PHMB120163220033042100002,2016-06-09,,1.0,영업/정상,13.0,영업중,,2024-04-15,2024-04-27,,02-555-9550,,,,서울특별시 강남구 언주로107길 35 (역삼동),6136.0,궁산후조리원 강남본원지점,2024-04-26 20:13,U,08:00.0,,203146.4193,444976.0795,,,,,,,,,,,,,,,,,,,,127.0364035,37.5069616
3220000.0,PHMB120143220033042100001,20140225,,1.0,영업/정상,13.0,영업중,,20171129,20171220,,02-508-0013,,,서울특별시 강남구 삼성동 151번지 1호 SISOMO TOWER,"서울특별시 강남구 삼성로 548, SISOMO TOWER 2~4층 (삼성동)",6166.0,트리니티산후조리원(삼성점),2019-11-07 16:05,U,40:00.0,,204796.529,445378.7162,19.0,24.0,355.5,50.2,6.6,,,23.0,26.5,10.2,4.0,12.0,,1.0,2.0,3.0,11.0,7.0,4.0,127.0550404,37.5106058
3220000.0,PHMB120143220033042100002,20140401,,1.0,영업/정상,13.0,영업중,,,,,02-3453-4628,,,서울특별시 강남구 역삼동 785번지 12호 3~5층,"서울특별시 강남구 언주로 303, 3~5층 (역삼동)",6230.0,(주)그녀의 정원 드라마,2019-11-12 17:58,U,40:00.0,,204004.3284,443597.9801,22.0,22.0,302.09,26.22,12.0,56.2,0.0,,9.7,10.41,18.0,0.0,1.0,5.0,3.0,6.0,10.0,8.0,2.0,127.0461347,37.4946081
3220000.0,PHMB120163220033042100001,20160315,,1.0,영업/정상,13.0,영업중,,,,,02-3453-4628,,,,서울특별시 강남구 언주로 303 (역삼동),6230.0,주식회사 드라마글로벌 산후조리원,2016-03-15 17:10,I,59:59.0,,204004.3284,443597.9801,7.0,7.0,221.07,17.15,9.32,0.0,0.0,6.29,21.81,43.29,3.0,0.0,0.0,0.0,3.0,0.0,8.0,6.0,2.0,127.0461347,37.4946081
3220000.0,PHMB120163220033042100003,2016-09-01,,1.0,영업/정상,13.0,영업중,,,,,02-512-0500,,,서울특별시 강남구 신사동 638번지 1호 윤호병원 5~6층,"서울특별시 강남구 압구정로 304, 윤호병원 5~6층 (신사동)",6017.0,윤호 산후조리원,2024-07-22 10:09,U,04:00.0,,202969.6391,447402.2995,,,,,,,,,,,,,,,,,,,,127.0344243,37.5288504
3220000.0,PHMB120163220033042100004,2016-11-17,,1.0,영업/정상,13.0,영업중,,,,,02-3471-2233,,,서울특별시 강남구 청담동 70-4,"서울특별시 강남구 학동로97길 21-3, 청담마리더블레스 (청담동)",6072.0,청담마리더블레스 산후조리원,2024-05-03 16:32,U,05:00.0,,204785.4371,446530.4444,,,,,,,,,,,,,,,,,,,,127.0549433,37.5209766
3220000.0,PHMB120093220033042100002,2009-03-23,,1.0,영업/정상,13.0,영업중,,2020-05-31,2020-07-20,,518-9782,,,"서울특별시 강남구 삼성동 63번지 12호 B1,1,2층","서울특별시 강남구 삼성로120길 30, B1,1,2층 (삼성동)",6085.0,Saint park 산후조리원,2024-08-11 16:14,U,03:00.0,,204670.6989,446164.9208,,,,,,,,,,,,,,,,,,,,127.0536823,37.5176772
3220000.0,PHMB120143220033042100003,2014-06-18,,1.0,영업/정상,13.0,영업중,,,,,02-577-8677,,,서울특별시 강남구 도곡동 941번지 8호 1~7층,"서울특별시 강남구 도곡로6길 13, 1~7층 (도곡동)",6259.0,주식회사 맘스밀리 산후조리원 강남점,2025-01-15 13:21,U,07:00.0,,202983.0709,443022.2054,,,,,,,,,,,,,,,,,,,,127.0345361,37.4893996
3220000.0,PHMB120123220033042100001,20120308,,1.0,영업/정상,13.0,영업중,,,,,547-5047,,,서울특별시 강남구 삼성동 101번지 1호,"서울특별시 강남구 봉은사로111길 111-13 (삼성동, 마당빌딩)",6083.0,더 궁 산후조리원,2019-04-10 15:00,U,40:00.0,,205685.2062,445991.7229,17.0,17.0,360.5,29.0,6.0,29.4,10.6,4.5,4.5,8.2,8.0,4.0,,1.0,1.0,,7.0,5.0,2.0,,
3220000.0,PHMB120123220033042100002,20120316,,1.0,영업/정상,13.0,영업중,,,,,3446-3434,,,서울특별시 강남구 논현동 90번지 1호,"서울특별시 강남구 언주로 707, MH빌딩 12,13층 (논현동)",6053.0,M&H 산후조리원,2021-02-23 11:11,U,40:00.0,,203026.2726,446000.9473,16.0,16.0,330.31,35.64,,,15.0,,,,11.0,15.0,,4.0,3.0,,17.0,15.0,2.0,127.0350108,37.5162232
,,,,,,,,,,,,,,,,,,,,,,,,,,,,,,,,,,,,,,,,,,,,,
,,,,,,,,,,,,,,,,,,,,,,,,,,,,,,,,,,,,,,,,,,,,,
,,,,,,,,,,,,,,,,,,,,,,,,,,,,,,,,,,,,,,,,,,,,,
,,,,,,,,,,,,,,,,,,,,,,,,,,,,,,,,,,,,,,,,,,,,,
,,,,,,,,,,,,,,,,,,,,,,,,,,,,,,,,,,,,,,,,,,,,,
,,,,,,,,,,,,,,,,,,,,,,,,,,,,,,,,,,,,,,,,,,,,,
,,,,,,,,,,,,,,,,,,,,,,,,,,,,,,,,,,,,,,,,,,,,,
,,,,,,,,,,,,,,,,,,,,,,,,,,,,,,,,,,,,,,,,,,,,,
3230000.0,PHMB120173230034042100001,20170131,,1.0,영업/정상,13.0,영업중,,,,,02-6425-1600,,,,서울특별시 송파구 양재대로60길 3 (가락동),5708.0,포유문산후조리원,2017-02-02 8:53,I,59:59.0,,210251.5905,444061.4085,23.0,23.0,340.08,39.3,14.57,54.95,17.2,,4.9,6.7,2.0,5.0,,1.0,2.0,,6.0,6.0,,127.1167278,37.4987208
3230000.0,PHMB120093230034042100001,2009-07-02,,1.0,영업/정상,13.0,영업중,,,,,414-3322,,138-840,서울특별시 송파구 삼전동 111번지 선프라지빌딩6.7층,"서울특별시 송파구 석촌호수로 156 (삼전동, 선플라자빌딩 6,7층)",5601.0,라렌느산후조리원,2024-07-15 9:13,U,07:00.0,,208265.8291,444957.4634,,,,,,,,,,,,,,,,,,,,127.0943845,37.5067666
3230000.0,PHMB120073230034042100002,20070208,,1.0,영업/정상,13.0,영업중,,,,,02-3401-3838,,138110,서울특별시 송파구 거여동 293번지 1호 6층,"서울특별시 송파구 양산로 12 (거여동, 6층)",5787.0,(주)푸른잎산후조리원,2019-04-30 15:05,U,40:00.0,,212631.9687,443089.5432,16.0,16.0,,38.4,,,,,,,3.0,7.0,,,,3.0,1.0,1.0,,127.1435829,37.4899347
3230000.0,PHMB120103230034042100001,20100323,,1.0,영업/정상,13.0,영업중,,,,,4843710,,138190,"서울특별시 송파구 석촌동 182번지 2호 4,5층","서울특별시 송파구 송파대로49길 3 (석촌동, 4,5층)",5609.0,라벨메르산후조리원,2018-08-31 9:50,I,59:59.0,,209121.4518,445062.8653,15.0,15.0,378.57,52.31,9.82,,,,,,4.0,6.0,,,,,0.0,,,127.1040302,37.5077036
3230000.0,PHMB120113230034042100001,20110513,,1.0,영업/정상,13.0,영업중,,,,,02-3401-1004,,138855,서울특별시 송파구 오금동 4번지 14호,"서울특별시 송파구 중대로 317, 세우빌딩 3,4층 (오금동)",5654.0,소피아산후조리원,2021-07-14 10:54,U,40:00.0,,211725.2575,445195.4821,20.0,20.0,320.0,54.0,20.0,57.0,10.0,33.0,66.0,10.0,4.0,2.0,0.0,2.0,1.0,2.0,0.0,0.0,0.0,127.1333456,37.5087716
,,,,,,,,,,,,,,,,,,,,,,,,,,,,,,,,,,,,,,,,,,,,,
3230000.0,PHMB120163230034042100001,2016-04-05,,1.0,영업/정상,13.0,영업중,,2024-11-18,2024-11-22,,02-413-0035,,,서울특별시 송파구 석촌동 24번지 3호 201호,"서울특별시 송파구 석촌호수로 210, 201호 (석촌동)",5611.0,베르사유산후조리원,2024-11-21 15:58,U,03:00.0,,208805.0425,444931.8403,,,,,,,,,,,,,,,,,,,,127.1003607,37.5065795
,,,,,,,,,,,,,,,,,,,,,,,,,,,,,,,,,,,,,,,,,,,,,
,,,,,,,,,,,,,,,,,,,,,,,,,,,,,,,,,,,,,,,,,,,,,
,,,,,,,,,,,,,,,,,,,,,,,,,,,,,,,,,,,,,,,,,,,,,
,,,,,,,,,,,,,,,,,,,,,,,,,,,,,,,,,,,,,,,,,,,,,
3240000.0,PHMB120113240033042100001,20181101,,1.0,영업/정상,13.0,영업중,,,,,02-486-3300,,,,"서울특별시 강동구 강동대로 143-64, 태창타워 (성내동)",5398.0,트리니티산후조리원 강동송파점,2020-12-07 17:56,U,40:00.0,,210544.0197,447320.3729,15.0,14.0,364.86,24.7,18.0,23.94,5.76,57.6,57.6,8.93,3.0,2.0,1.0,1.0,,2.0,11.0,9.0,2.0,127.1201572,37.5280716
,,,,,,,,,,,,,,,,,,,,,,,,,,,,,,,,,,,,,,,,,,,,,
3230000.0,PHMB120123230034042100001,20120919,,1.0,영업/정상,13.0,영업중,,,,,1661-3118,,,,서울특별시 송파구 마천로 4(방이동),5645.0,레이나 산후조리원,2022-11-01 14:11,U,03:00.0,,210671.7069,445341.4249,,,,,,,,,,,,,,,,,,,,127.1214900,37.5102373
3240000.0,PHMB120123240033042100001,20120518,,1.0,영업/정상,13.0,영업중,,,,,02) 3428-3535,,,서울특별시 강동구 강일동 679번지 2호 MIDC빌딩,"서울특별시 강동구 아리수로 421, MIDC빌딩 7,8층 (강일동)",5211.0,몽쉘베베산후조리원,2019-05-24 11:12,U,40:00.0,,215379.100058,451691.505203,19.0,19.0,415.0,58.0,8.23,45.2,15.0,,18.0,9.24,3.0,8.0,,1.0,1.0,1.0,14.0,10.0,4.0,127.1740839,37.5646372
3240000.0,PHMB120133240033042100002,20130723,,1.0,영업/정상,13.0,영업중,,,,,02-429-6777,,,서울특별시 강동구 명일동 306번지 7호 대은상가,"서울특별시 강동구 양재대로 1657-11, 대은상가 5층 (명일동)",5257.0,마벨 산후조리원,2022-01-24 13:51,U,40:00.0,,212603.195,450135.0087,21.0,21.0,441.3,46.54,7.18,36.5,24.3,24.78,71.4,15.3,3.0,9.0,0.0,1.0,0.0,0.0,7.0,5.0,2.0,127.1434001,37.5534317
3240000.0,PHMB120133240033042100003,20131227,,1.0,영업/정상,13.0,영업중,,,,,1661-0997,,,서울특별시 강동구 천호동 453-10 강동미즈산후조리원,"서울특별시 강동구 천호대로159길 13, 퍼스트스마일산후조리원 1층 (천호동)",5335.0,퍼스트스마일산후조리원,2022-01-05 11:40,U,40:00.0,,211206.541,448438.1305,44.0,44.0,773.96,104.32,39.92,192.13,53.94,0.0,203.85,19.19,5.0,10.0,1.0,6.0,6.0,0.0,8.0,6.0,2.0,127.1276174,37.5381475
3240000.0,PHMB120173240033042100001,20170828,,1.0,영업/정상,13.0,영업중,,,,,02-6483-0088,,,서울특별시 강동구 길동 366번지 2호 호석빌딩 4~5층 헤라산후조리원,"서울특별시 강동구 양재대로 1498 (길동, 호석빌딩)",5343.0,헤라산후조리원,2019-09-02 10:34,U,40:00.0,,212383.5141,448570.272,16.0,16.0,331.95,40.61,10.27,,5.58,17.6,42.0,10.2,4.0,6.0,,,,3.0,7.0,6.0,1.0,127.1409212,37.5393144
3240000.0,PHMB120073240033042100001,2007-05-23,,1.0,영업/정상,13.0,영업중,,,,,02) 472-6565,,,서울특별시 강동구 길동 416-6 우주빌딩,"서울특별시 강동구 성안로 156, 우주빌딩 4층 (길동)",5354.0,예그리나 산후조리원,2023-09-26 17:03,U,09:00.0,,211901.2456,448311.1957,,,,,,,,,,,,,,,,,,,,127.1354283,37.5368812
3240000.0,PHMB120183240033042100001,20181231,,1.0,영업/정상,13.0,영업중,,,,,02-341-4567,,,서울특별시 강동구 강일동 730번지 1호,"서울특별시 강동구 상일로12길 97, 강동드림산부인과 3층 (강일동)",5285.0,강동드림 산후조리원,2021-04-14 11:36,U,40:00.0,,215186.0994,450520.4625,15.0,15.0,200.17,35.61,8.01,35.31,2.25,,66.3,7.02,3.0,3.0,,,2.0,1.0,7.0,5.0,2.0,127.1726520,37.5568629
,,,,,,,,,,,,,,,,,,,,,,,,,,,,,,,,,,,,,,,,,,,,,
3240000.0,PHMB120063240033042100001,2006-12-08,,1.0,영업/정상,13.0,영업중,,,,,02) 485-0087,,,서울특별시 강동구 성내동 378 웰빙메디컬빌딩,"서울특별시 강동구 천호대로 1128, 웰빙메디컬빌딩 6~7층 (성내동)",5373.0,가율 산후조리원,2023-05-12 10:04,U,04:00.0,,211997.3743,447998.8142,,,,,,,,,,,,,,,,,,,,127.1365321,37.5341688
3240000.0,PHMB120063240033042100002,2006-10-17,,1.0,영업/정상,13.0,영업중,,,,,02) 485-2151,,,서울특별시 강동구 천호동 447 정산타워빌딩,"서울특별시 강동구 천호대로 1099, 정산타워빌딩 6층 (천호동)",5339.0,아쉐르 산후조리원,2024-08-26 11:52,U,08:00.0,,211785.0621,448178.1738,,,,,,,,,,,,,,,,,,,,127.1341414,37.5357686
,,,,,,,,,,,,,,,,,,,,,,,,,,,,,,,,,,,,,,,,,,,,,
3210000.0,PHMB120223210034042100001,20220701,,1.0,영업/정상,13.0,영업중,,,,,02-592-0020,,,서울특별시 서초구 방배동 783-24 왕실빌딩,"서울특별시 서초구 동작대로 172, 왕실빌딩 3층 50호 (방배동)",6559.0,sk산후조리원,2022-07-20 14:46,I,02:00.0,,198448.6806,443312.729,,,,,,,,,,,,,,,,,,,,126.9830871,37.4919233
3180000.0,PHMB120083180034042100001,20080229,,1.0,영업/정상,13.0,영업중,,20190101,20190228,,02-848-3579,,,,"서울특별시 영등포구 도신로 116, 대웅빌딩 (신길동)",7383.0,메르디앙 산후조리원,2022-09-08 10:33,U,00:00.0,,191534.964,445094.6129,,,,,,,,,,,,,,,,,,,,126.9050583,37.5080403
3240000.0,PHMB120163240033042100001,20160104,,1.0,영업/정상,13.0,영업중,,,,,,,05239,,"서울특별시 강동구 올림픽로 833, 매일우리아이센타 (암사동)",5239.0,(주)라파엘산후조리원,2022-10-12 10:54,U,04:00.0,,211338.1143,450358.803,,,,,,,,,,,,,,,,,,,,127.1291317,37.5554389
3140000.0,PHMB120113140033042100001,20110117,,1.0,영업/정상,13.0,영업중,,,,,02-2601-3588,,,서울특별시 양천구 신월동 550번지 3호 승일뷰티타워2,"서울특별시 양천구 신월로 164, 승일뷰티타워2 7층 (신월동)",8064.0,팰리스산후조리원,2022-10-05 17:18,U,07:00.0,,185962.8095,446176.171,,,,,,,,,,,,,,,,,,,,126.8420198,37.5177576
3150000.0,PHMB120153150037042100001,2015-06-16,,1.0,영업/정상,13.0,영업중,,2017-02-07,2017-02-15,,02-2664-6999,,,,"서울특별시 강서구 마곡중앙5로 81, 에스비타운 (마곡동)",7599.0,리베 산후조리원(마곡점),2023-07-19 14:21,U,01:00.0,,183902.0435,451664.2515,,,,,,,,,,,,,,,,,,,,126.8185936,37.5671210
3110000.0,PHMB120063110032042100001,2006-12-07,,1.0,영업/정상,13.0,영업중,,2022-04-08,2022-07-08,,02-309-7535,,122-924,"서울특별시 은평구 응암동 603번지 24호 연송빌딩 4,5층","서울특별시 은평구 응암로 164 (응암동,연송빌딩 4,5층)",,인정산후조리원,2024-01-30 15:30,U,01:00.0,,192562.8595,453813.9034,,,,,,,,,,,,,,,,,,,,126.9163519,37.5865312
3220000.0,PHMB120063220033042100003,2006-12-07,,1.0,영업/정상,13.0,영업중,,,,,02-3412-0101,,,"서울특별시 강남구 개포동 1239번지 17호 문화빌딩 5,6층","서울특별시 강남구 논현로 98, 문화빌딩 5,6층 (개포동)",6303.0,한아름산후조리원,2024-07-22 10:09,U,04:00.0,,203889.6943,441832.717,,,,,,,,,,,,,,,,,,,,127.0448081,37.4786142
